year;week; SMN;SMT;VCI;TCI; VHI
1982; 1; 0.075;262.75; 64.53; 31.46; 48.00;
1982; 2; 0.081;265.03; 70.81; 21.55; 46.18;
1982; 3; 0.083;266.13; 71.51; 17.89; 44.70;
1982; 4; 0.081;267.11; 68.65; 16.50; 42.57;
1982; 5; 0.073;267.03; 57.97; 22.48; 40.22;
1982; 6; 0.068;267.52; 47.81; 27.47; 37.64;
1982; 7; 0.066;268.58; 40.26; 29.10; 34.68;
1982; 8; 0.067;269.87; 36.32; 30.27; 33.30;
1982; 9; 0.068;271.21; 33.38; 31.85; 32.61;
1982;10; 0.072;273.02; 30.19; 33.12; 31.66;
1982;11; 0.084;275.13; 30.74; 31.61; 31.18;
1982;12; 0.097;277.17; 30.10; 35.58; 32.84;
1982;13; 0.106;278.78; 26.22; 41.79; 34.01;
1982;14; 0.117;280.23; 19.84; 50.11; 34.98;
1982;15; 0.130;281.48; 12.55; 64.80; 38.68;
1982;16; 0.157;283.17; 11.09; 76.87; 43.98;
1982;17; 0.193;285.30; 13.02; 83.96; 48.49;
1982;18; 0.253;288.40; 24.96; 80.29; 52.62;
1982;19; 0.307;290.96; 34.73; 72.38; 53.55;
1982;20; 0.348;292.51; 38.56; 69.06; 53.81;
1982;21; 0.375;293.01; 38.98; 71.67; 55.32;
1982;22; 0.390;292.96; 35.81; 74.70; 55.26;
1982;23; 0.397;292.85; 30.98; 77.19; 54.09;
1982;24; 0.398;292.73; 27.36; 80.34; 53.85;
1982;25; 0.396;292.65; 25.23; 84.82; 55.02;
1982;26; 0.393;292.54; 23.39; 87.61; 55.50;
1982;27; 0.396;292.87; 26.40; 86.81; 56.61;
1982;28; 0.400;293.33; 34.56; 84.79; 59.68;
1982;29; 0.405;293.73; 43.40; 83.38; 63.39;
1982;30; 0.401;293.92; 47.31; 83.03; 65.17;
1982;31; 0.398;294.27; 48.39; 79.11; 63.75;
1982;32; 0.392;294.53; 47.88; 73.67; 60.78;
1982;33; 0.388;294.55; 49.73; 67.54; 58.63;
1982;34; 0.384;294.43; 54.70; 60.08; 57.39;
1982;35; 0.379;293.98; 61.85; 52.18; 57.02;
1982;36; 0.371;293.28; 68.66; 44.55; 56.61;
1982;37; 0.353;292.20; 72.27; 40.94; 56.61;
1982;38; 0.337;290.61; 75.02; 40.07; 57.54;
1982;39; 0.312;288.77; 72.82; 39.53; 56.18;
1982;40; 0.279;286.81; 66.85; 38.97; 52.91;
1982;41; 0.241;284.73; 57.36; 37.39; 47.38;
1982;42; 0.207;282.77; 50.12; 36.04; 43.08;
1982;43; 0.181;280.69; 49.03; 34.28; 41.65;
1982;44; 0.160;278.91; 49.96; 20.67; 35.32;
1982;45; 0.137;277.12; 47.05; 15.86; 31.45;
1982;46; 0.119;274.95; 48.70; 17.25; 32.98;
1982;47; 0.101;272.60; 48.31; 20.07; 34.19;
1982;48; 0.085;269.76; 43.89; 28.36; 36.13;
1982;49; 0.069;266.86; 34.39; 35.10; 34.75;
1982;50; 0.058;264.07; 29.88; 40.28; 35.08;
1982;51; 0.057;262.25; 34.62; 40.77; 37.70;
1982;52; 0.055;261.68; 37.03; 38.70; 37.86;
1983; 1; 0.053;262.02; 37.66; 33.81; 35.74;
1983; 2; 0.052;262.64; 36.58; 30.39; 33.49;
1983; 3; 0.054;263.35; 39.99; 28.50; 34.25;
1983; 4; 0.057;263.87; 44.17; 28.94; 36.55;
1983; 5; 0.057;263.80; 42.52; 34.48; 38.50;
1983; 6; 0.055;263.67; 37.21; 41.51; 39.36;
1983; 7; 0.056;264.21; 33.59; 45.40; 39.50;
1983; 8; 0.060;265.36; 32.51; 47.48; 40.00;
1983; 9; 0.068;267.00; 33.79; 48.15; 40.97;
1983;10; 0.080;269.28; 35.10; 47.92; 41.51;
1983;11; 0.096;272.26; 37.12; 43.66; 40.39;
1983;12; 0.116;275.64; 40.35; 42.29; 41.32;
1983;13; 0.143;279.25; 45.31; 40.05; 42.68;
1983;14; 0.172;282.45; 49.67; 38.09; 43.88;
1983;15; 0.207;285.34; 54.07; 39.10; 46.58;
1983;16; 0.241;287.55; 55.25; 44.82; 50.03;
1983;17; 0.280;289.84; 57.56; 46.22; 51.89;
1983;18; 0.316;291.59; 58.04; 49.26; 53.65;
1983;19; 0.348;292.96; 57.58; 51.64; 54.61;
1983;20; 0.374;294.02; 53.91; 53.61; 53.76;
1983;21; 0.390;294.53; 48.32; 56.36; 52.34;
1983;22; 0.406;294.98; 46.43; 54.86; 50.65;
1983;23; 0.411;294.91; 41.74; 57.32; 49.53;
1983;24; 0.405;294.43; 33.05; 63.65; 48.35;
1983;25; 0.400;294.37; 28.15; 67.04; 47.60;
1983;26; 0.398;294.59; 26.53; 65.86; 46.19;
1983;27; 0.390;294.64; 23.25; 67.70; 45.47;
1983;28; 0.373;294.37; 17.69; 73.12; 45.41;
1983;29; 0.351;294.11; 12.55; 78.70; 45.62;
1983;30; 0.333;294.01; 10.69; 81.28; 45.99;
1983;31; 0.330;293.97; 11.98; 81.50; 46.74;
1983;32; 0.335;294.05; 15.75; 78.54; 47.14;
1983;33; 0.340;294.09; 22.16; 72.75; 47.45;
1983;34; 0.340;294.15; 29.73; 63.53; 46.63;
1983;35; 0.342;294.39; 41.76; 46.70; 44.23;
1983;36; 0.330;293.64; 47.41; 39.90; 43.66;
1983;37; 0.311;292.46; 50.04; 37.72; 43.88;
1983;38; 0.289;290.95; 49.75; 35.47; 42.61;
1983;39; 0.266;288.78; 47.07; 39.61; 43.34;
1983;40; 0.244;286.84; 45.30; 38.54; 41.92;
1983;41; 0.218;284.55; 42.35; 40.21; 41.28;
1983;42; 0.193;281.87; 40.42; 47.42; 43.92;
1983;43; 0.166;279.45; 38.42; 47.16; 42.79;
1983;44; 0.138;276.43; 35.09; 43.22; 39.16;
1983;45; 0.114;273.37; 30.46; 43.54; 37.00;
1983;46; 0.092;270.57; 26.36; 44.23; 35.29;
1983;47; 0.079;267.83; 27.21; 45.23; 36.22;
1983;48; 0.072;265.84; 31.53; 46.12; 38.82;
1983;49; 0.065;264.06; 29.95; 46.28; 38.12;
1983;50; 0.062;262.46; 33.79; 46.51; 40.15;
1983;51; 0.058;260.38; 34.92; 48.08; 41.50;
1983;52; 0.054;258.05; 35.32; 52.40; 43.86;
1984; 1; 0.053;256.81; 36.72; 53.36; 45.04;
1984; 2; 0.051;256.03; 35.94; 55.91; 45.92;
1984; 3; 0.050;255.17; 36.61; 60.35; 48.48;
1984; 4; 0.049;255.31; 36.32; 61.80; 49.06;
1984; 5; 0.046;255.90; 33.00; 64.16; 48.58;
1984; 6; 0.044;256.44; 28.40; 68.11; 48.25;
1984; 7; 0.043;256.99; 24.25; 71.75; 48.00;
1984; 8; 0.043;257.31; 21.64; 76.57; 49.10;
1984; 9; 0.044;259.42; 20.11; 75.37; 47.74;
1984;10; 0.050;262.94; 18.72; 71.24; 44.98;
1984;11; 0.059;267.19; 18.31; 63.67; 40.99;
1984;12; 0.074;271.87; 18.76; 57.69; 38.22;
1984;13; 0.093;276.99; 19.25; 49.97; 34.61;
1984;14; 0.115;281.62; 19.07; 42.00; 30.54;
1984;15; 0.143;284.90; 19.39; 41.34; 30.37;
1984;16; 0.170;286.94; 18.14; 48.85; 33.49;
1984;17; 0.203;289.04; 18.28; 52.91; 35.60;
1984;18; 0.243;290.66; 19.66; 58.40; 39.03;
1984;19; 0.286;291.60; 23.39; 65.53; 44.46;
1984;20; 0.327;292.05; 26.84; 73.38; 50.11;
1984;21; 0.359;292.14; 30.04; 80.09; 55.06;
1984;22; 0.380;291.94; 30.50; 84.34; 57.42;
1984;23; 0.393;291.46; 30.03; 90.10; 60.06;
1984;24; 0.401;291.30; 31.53; 93.64; 62.59;
1984;25; 0.409;291.64; 35.40; 94.72; 65.06;
1984;26; 0.411;291.79; 36.33; 95.25; 65.79;
1984;27; 0.412;292.08; 37.62; 95.23; 66.43;
1984;28; 0.410;292.51; 41.10; 93.70; 67.40;
1984;29; 0.407;293.05; 44.92; 90.61; 67.77;
1984;30; 0.401;293.43; 47.05; 88.05; 67.55;
1984;31; 0.386;293.33; 41.46; 88.97; 65.22;
1984;32; 0.371;293.27; 35.46; 87.35; 61.40;
1984;33; 0.357;292.92; 30.97; 86.12; 58.55;
1984;34; 0.341;292.41; 29.37; 85.00; 57.19;
1984;35; 0.319;291.33; 27.72; 86.01; 56.87;
1984;36; 0.294;290.15; 27.02; 84.91; 55.97;
1984;37; 0.272;289.36; 28.63; 77.87; 53.25;
1984;38; 0.250;288.17; 27.92; 73.72; 50.82;
1984;39; 0.228;286.60; 24.86; 71.30; 48.08;
1984;40; 0.213;285.04; 25.96; 64.28; 45.12;
1984;41; 0.201;283.05; 30.64; 60.45; 45.54;
1984;42; 0.189;281.31; 37.24; 54.14; 45.69;
1984;43; 0.172;279.44; 42.44; 47.03; 44.74;
1984;44; 0.149;276.88; 42.28; 39.35; 40.82;
1984;45; 0.128;273.46; 41.37; 42.87; 42.12;
1984;46; 0.107;270.51; 38.50; 44.16; 41.33;
1984;47; 0.091;268.37; 38.38; 42.27; 40.33;
1984;48; 0.082;266.67; 40.49; 42.73; 41.61;
1984;49; 0.079;267.32; 42.69; 33.44; 38.07;
1984;50;-1.000; -1.00; -1.00; -1.00; -1.00;
1984;51;-1.000; -1.00; -1.00; -1.00; -1.00;
1984;52;-1.000; -1.00; -1.00; -1.00; -1.00;
1985; 1;-1.000; -1.00; -1.00; -1.00; -1.00;
1985; 2;-1.000; -1.00; -1.00; -1.00; -1.00;
1985; 3;-1.000; -1.00; -1.00; -1.00; -1.00;
1985; 4;-1.000; -1.00; -1.00; -1.00; -1.00;
1985; 5;-1.000; -1.00; -1.00; -1.00; -1.00;
1985; 6;-1.000; -1.00; -1.00; -1.00; -1.00;
1985; 7;-1.000; -1.00; -1.00; -1.00; -1.00;
1985; 8;-1.000; -1.00; -1.00; -1.00; -1.00;
1985; 9; 0.046;265.68; 19.61; 51.14; 35.38;
1985;10; 0.046;266.34; 16.11; 57.55; 36.83;
1985;11; 0.053;268.79; 14.87; 56.50; 35.68;
1985;12; 0.068;272.38; 15.32; 55.09; 35.21;
1985;13; 0.092;277.25; 18.46; 48.58; 33.52;
1985;14; 0.123;281.48; 23.22; 42.74; 32.98;
1985;15; 0.159;284.76; 28.57; 42.66; 35.61;
1985;16; 0.196;287.41; 31.92; 45.64; 38.78;
1985;17; 0.236;289.86; 35.27; 46.01; 40.64;
1985;18; 0.274;291.40; 35.99; 51.07; 43.53;
1985;19; 0.313;292.96; 37.86; 51.61; 44.74;
1985;20; 0.342;294.00; 34.91; 53.60; 44.25;
1985;21; 0.365;294.18; 32.65; 59.64; 46.15;
1985;22; 0.383;294.21; 31.02; 62.28; 46.65;
1985;23; 0.393;293.76; 28.21; 68.33; 48.27;
1985;24; 0.397;293.18; 26.84; 75.85; 51.35;
1985;25; 0.400;293.26; 28.10; 78.59; 53.35;
1985;26; 0.400;293.45; 27.69; 78.20; 52.95;
1985;27; 0.399;293.68; 28.56; 78.36; 53.46;
1985;28; 0.395;293.96; 30.97; 77.99; 54.48;
1985;29; 0.394;294.50; 37.05; 74.68; 55.87;
1985;30; 0.393;295.21; 42.52; 68.68; 55.60;
1985;31; 0.392;296.20; 44.80; 57.74; 51.27;
1985;32; 0.391;296.92; 47.36; 46.79; 47.08;
1985;33; 0.382;297.29; 46.92; 35.08; 41.00;
1985;34; 0.364;297.10; 43.45; 25.92; 34.68;
1985;35; 0.341;296.22; 40.64; 22.89; 31.77;
1985;36; 0.316;294.49; 39.45; 29.09; 34.27;
1985;37; 0.293;292.57; 40.00; 36.40; 38.20;
1985;38; 0.269;290.73; 38.44; 38.59; 38.51;
1985;39; 0.247;288.60; 35.80; 42.15; 38.97;
1985;40; 0.221;286.02; 31.33; 50.39; 40.86;
1985;41; 0.202;283.40; 31.76; 55.98; 43.87;
1985;42; 0.183;281.03; 33.69; 57.56; 45.63;
1985;43; 0.165;278.56; 37.53; 56.32; 46.92;
1985;44; 0.147;275.65; 40.57; 50.91; 45.74;
1985;45; 0.125;272.10; 37.59; 53.50; 45.54;
1985;46; 0.091;267.60; 24.88; 62.76; 43.82;
1985;47; 0.064;263.86; 12.87; 66.50; 39.69;
1985;48; 0.048;259.77;  7.00; 74.06; 40.53;
1985;49; 0.041;255.82;  5.96; 79.55; 42.75;
1985;50; 0.036;252.59;  5.55; 83.64; 44.59;
1985;51; 0.032;249.96;  5.82; 85.96; 45.89;
1985;52; 0.028;247.68;  6.04; 88.20; 47.12;
1986; 1; 0.026;246.62;  4.74; 88.47; 46.60;
1986; 2; 0.026;247.55;  7.28; 86.47; 46.87;
1986; 3; 0.027;250.30; 11.30; 78.84; 45.07;
1986; 4; 0.026;252.82; 12.87; 71.72; 42.30;
1986; 5; 0.025;254.15; 13.07; 70.99; 42.03;
1986; 6; 0.024;255.91; 11.92; 70.64; 41.28;
1986; 7; 0.023;258.45;  9.48; 67.30; 38.39;
1986; 8; 0.024;261.23;  8.65; 63.04; 35.85;
1986; 9; 0.026;263.75;  9.15; 60.07; 34.61;
1986;10; 0.030;266.39;  7.55; 58.49; 33.02;
1986;11; 0.041;270.33;  8.40; 50.83; 29.61;
1986;12; 0.058;275.01; 10.32; 43.98; 27.15;
1986;13; 0.082;279.49; 13.59; 37.70; 25.64;
1986;14; 0.117;283.62; 19.71; 29.74; 24.73;
1986;15; 0.157;287.59; 27.19; 22.09; 24.64;
1986;16; 0.197;290.63; 32.79; 20.27; 26.53;
1986;17; 0.246;292.97; 40.44; 18.68; 29.56;
1986;18; 0.300;294.81; 50.09; 17.95; 34.02;
1986;19; 0.342;296.40; 54.07; 17.25; 35.66;
1986;20; 0.381;297.96; 57.42; 14.13; 35.77;
1986;21; 0.410;298.79; 60.19; 13.78; 36.99;
1986;22; 0.428;298.89; 60.99; 16.39; 38.69;
1986;23; 0.432;298.71; 56.43; 20.52; 38.48;
1986;24; 0.431;298.43; 51.28; 24.43; 37.86;
1986;25; 0.430;298.41; 48.59; 25.24; 36.92;
1986;26; 0.418;297.82; 39.96; 31.04; 35.50;
1986;27; 0.404;296.99; 32.54; 41.93; 37.24;
1986;28; 0.391;296.58; 29.05; 48.38; 38.71;
1986;29; 0.382;296.88; 30.20; 47.39; 38.79;
1986;30; 0.376;297.18; 33.24; 46.77; 40.01;
1986;31; 0.366;297.13; 31.12; 47.23; 39.18;
1986;32; 0.357;296.41; 28.03; 52.25; 40.14;
1986;33; 0.353;295.98; 29.90; 50.61; 40.26;
1986;34; 0.343;295.05; 31.26; 52.34; 41.80;
1986;35; 0.331;294.08; 35.04; 50.99; 43.02;
1986;36; 0.318;292.55; 39.68; 54.42; 47.05;
1986;37; 0.308;290.68; 47.82; 61.28; 54.55;
1986;38; 0.296;288.84; 52.92; 65.20; 59.06;
1986;39; 0.281;286.92; 55.11; 67.57; 61.34;
1986;40; 0.262;284.94; 56.42; 66.49; 61.46;
1986;41; 0.241;283.25; 57.58; 58.68; 58.13;
1986;42; 0.218;281.78; 57.36; 48.89; 53.12;
1986;43; 0.188;279.72; 52.91; 44.61; 48.76;
1986;44; 0.149;276.47; 42.22; 43.27; 42.74;
1986;45; 0.119;273.82; 34.30; 40.41; 37.36;
1986;46; 0.095;271.86; 28.35; 36.24; 32.29;
1986;47; 0.077;269.59; 26.02; 35.97; 30.99;
1986;48; 0.063;267.36; 22.45; 39.30; 30.87;
1986;49; 0.052;264.78; 16.97; 43.52; 30.25;
1986;50; 0.044;261.57; 14.13; 49.95; 32.04;
1986;51; 0.038;258.16; 13.37; 56.37; 34.87;
1986;52; 0.036;255.54; 14.80; 61.40; 38.10;
1987; 1; 0.032;253.29; 11.83; 66.33; 39.08;
1987; 2; 0.029;252.31; 10.29; 70.55; 40.42;
1987; 3; 0.030;252.00; 14.85; 73.71; 44.28;
1987; 4; 0.028;252.08; 14.88; 75.34; 45.11;
1987; 5; 0.025;252.07; 12.04; 79.34; 45.69;
1987; 6; 0.023;252.42; 10.86; 83.76; 47.31;
1987; 7; 0.024;253.78;  9.97; 84.65; 47.31;
1987; 8; 0.027;255.01; 10.67; 86.31; 48.49;
1987; 9; 0.029;256.39; 10.84; 87.65; 49.25;
1987;10; 0.031;257.83;  7.88; 91.22; 49.55;
1987;11; 0.035;259.81;  5.59; 93.59; 49.59;
1987;12; 0.046;262.99;  4.46; 94.32; 49.39;
1987;13; 0.064;267.38;  3.89; 94.39; 49.14;
1987;14; 0.090;272.26;  4.84; 94.58; 49.71;
1987;15; 0.122;277.06;  7.58; 95.49; 51.54;
1987;16; 0.155;281.03;  9.54; 94.82; 52.18;
1987;17; 0.190;284.62; 10.81; 91.51; 51.16;
1987;18; 0.228;287.31; 11.39; 90.86; 51.13;
1987;19; 0.278;289.14; 17.83; 89.92; 53.87;
1987;20; 0.326;291.10; 25.45; 82.78; 54.12;
1987;21; 0.368;292.75; 34.24; 74.02; 54.13;
1987;22; 0.401;293.84; 43.31; 66.09; 54.70;
1987;23; 0.423;294.34; 49.85; 62.82; 56.33;
1987;24; 0.441;295.09; 58.76; 57.31; 58.04;
1987;25; 0.455;295.59; 66.13; 54.54; 60.33;
1987;26; 0.462;295.93; 70.13; 51.50; 60.82;
1987;27; 0.461;296.26; 70.11; 50.15; 60.13;
1987;28; 0.450;296.37; 66.27; 51.15; 58.71;
1987;29; 0.428;296.13; 57.10; 56.58; 56.84;
1987;30; 0.404;295.47; 48.16; 66.43; 57.29;
1987;31; 0.383;294.31; 39.68; 78.87; 59.27;
1987;32; 0.373;293.42; 36.03; 86.15; 61.09;
1987;33; 0.364;292.64; 35.19; 89.79; 62.49;
1987;34; 0.358;292.05; 38.89; 89.99; 64.44;
1987;35; 0.349;291.34; 44.47; 86.65; 65.56;
1987;36; 0.341;290.41; 51.98; 82.45; 67.21;
1987;37; 0.328;289.36; 58.38; 78.46; 68.42;
1987;38; 0.309;288.00; 59.72; 76.56; 68.14;
1987;39; 0.289;286.46; 59.38; 73.85; 66.61;
1987;40; 0.268;285.17; 59.98; 62.88; 61.43;
1987;41; 0.246;282.99; 60.14; 61.96; 61.05;
1987;42; 0.217;280.47; 56.43; 64.68; 60.56;
1987;43; 0.071;263.12; 46.75; 37.20; 41.97;
1987;44; 0.151;275.32; 43.74; 54.08; 48.91;
1987;45; 0.121;272.65; 35.68; 49.44; 42.56;
1987;46; 0.093;270.41; 26.65; 45.40; 36.03;
1987;47; 0.072;268.33; 20.66; 42.89; 31.77;
1987;48; 0.058;266.49; 17.27; 43.39; 30.33;
1987;49; 0.052;265.16; 17.58; 42.05; 29.81;
1987;50; 0.047;264.40; 18.39; 39.13; 28.76;
1987;51; 0.043;263.45; 19.45; 36.44; 27.95;
1987;52; 0.042;262.53; 22.28; 35.88; 29.08;
1988; 1; 0.042;261.99; 24.71; 34.22; 29.46;
1988; 2; 0.043;260.66; 26.43; 38.50; 32.47;
1988; 3; 0.042;260.04; 28.49; 41.98; 35.24;
1988; 4; 0.043;260.17; 30.41; 43.54; 36.98;
1988; 5; 0.045;259.53; 32.13; 50.76; 41.44;
1988; 6; 0.047;259.87; 31.39; 55.37; 43.38;
1988; 7; 0.047;260.12; 27.12; 59.58; 43.35;
1988; 8; 0.047;260.87; 24.38; 62.88; 43.63;
1988; 9; 0.050;262.01; 23.82; 65.47; 44.64;
1988;10; 0.056;264.18; 21.87; 66.27; 44.07;
1988;11; 0.064;267.18; 21.06; 63.47; 42.27;
1988;12; 0.073;270.64; 18.55; 62.63; 40.59;
1988;13; 0.087;274.65; 16.24; 61.03; 38.64;
1988;14; 0.110;278.82; 15.88; 58.24; 37.06;
1988;15; 0.136;281.43; 15.94; 65.61; 40.78;
1988;16; 0.166;283.91; 16.11; 72.41; 44.26;
1988;17; 0.197;285.91; 15.61; 79.31; 47.46;
1988;18; 0.232;287.93; 15.62; 82.87; 49.24;
1988;19; 0.269;289.81; 15.91; 81.95; 48.93;
1988;20; 0.303;291.28; 15.77; 79.94; 47.86;
1988;21; 0.329;291.99; 15.18; 80.43; 47.81;
1988;22; 0.353;292.39; 16.73; 79.17; 47.95;
1988;23; 0.376;292.74; 20.75; 77.32; 49.04;
1988;24; 0.399;293.25; 29.97; 74.72; 52.35;
1988;25; 0.408;293.38; 34.43; 76.55; 55.49;
1988;26; 0.416;293.95; 38.87; 72.39; 55.63;
1988;27; 0.425;294.90; 46.59; 64.98; 55.79;
1988;28; 0.432;295.45; 55.15; 61.21; 58.18;
1988;29; 0.433;295.79; 60.59; 59.95; 60.27;
1988;30; 0.427;295.79; 61.76; 62.32; 62.04;
1988;31; 0.417;295.40; 59.15; 66.65; 62.90;
1988;32; 0.409;295.41; 57.95; 63.94; 60.94;
1988;33; 0.396;295.40; 54.69; 57.61; 56.15;
1988;34; 0.370;294.46; 46.71; 59.72; 53.22;
1988;35; 0.345;293.38; 42.39; 60.06; 51.22;
1988;36; 0.321;292.01; 41.52; 61.31; 51.41;
1988;37; 0.295;290.66; 41.27; 61.28; 51.27;
1988;38; 0.269;289.28; 38.44; 58.79; 48.62;
1988;39; 0.250;287.97; 37.59; 51.73; 44.66;
1988;40; 0.240;286.72; 43.03; 40.52; 41.78;
1988;41; 0.218;283.09; 42.62; 60.22; 51.42;
1988;42; 0.202;280.54; 46.72; 63.63; 55.18;
1988;43; 0.179;276.78; 47.31; 73.72; 60.52;
1988;44; 0.150;272.47; 42.93; 77.13; 60.03;
1988;45; 0.123;268.68; 36.71; 74.94; 55.83;
1988;46; 0.100;265.38; 32.24; 72.41; 52.33;
1988;47; 0.079;262.47; 26.90; 70.89; 48.90;
1988;48; 0.066;260.66; 24.60; 69.08; 46.84;
1988;49; 0.058;259.32; 22.55; 65.66; 44.11;
1988;50; 0.051;258.94; 20.82; 60.14; 40.48;
1988;51; 0.049;259.18; 23.83; 52.55; 38.19;
1988;52; 0.048;260.15; 27.20; 44.41; 35.80;
1989; 1; 0.050;261.73; 31.33; 34.87; 33.10;
1989; 2; 0.054;263.95; 36.72; 25.34; 31.03;
1989; 3; 0.058;266.53; 42.00; 16.01; 29.00;
1989; 4; 0.063;268.86; 48.72;  9.70; 29.21;
1989; 5; 0.071;270.78; 54.32;  8.35; 31.33;
1989; 6; 0.081;272.49; 56.80;  8.83; 32.82;
1989; 7; 0.090;274.00; 57.50;  8.62; 33.06;
1989; 8; 0.101;275.76; 58.10;  7.96; 33.03;
1989; 9; 0.111;277.67; 58.73;  7.81; 33.27;
1989;10; 0.126;279.45; 60.10;  8.83; 34.46;
1989;11; 0.142;281.35; 61.40;  6.97; 34.19;
1989;12; 0.163;283.22; 64.53; 10.61; 37.57;
1989;13; 0.188;285.20; 69.46; 12.18; 40.82;
1989;14; 0.214;287.18; 72.20; 11.42; 41.81;
1989;15; 0.239;289.01; 71.84; 14.35; 43.09;
1989;16; 0.264;290.45; 67.72; 22.65; 45.18;
1989;17; 0.294;291.75; 65.10; 29.80; 47.45;
1989;18; 0.331;292.91; 66.04; 36.45; 51.24;
1989;19; 0.363;293.66; 65.92; 44.58; 55.25;
1989;20; 0.392;294.02; 64.27; 53.33; 58.80;
1989;21; 0.411;294.71; 61.99; 54.24; 58.12;
1989;22; 0.416;294.97; 53.64; 54.68; 54.16;
1989;23; 0.412;294.92; 42.24; 57.00; 49.62;
1989;24; 0.407;295.08; 34.46; 57.21; 45.83;
1989;25; 0.403;295.19; 30.48; 58.52; 44.50;
1989;26; 0.407;295.66; 32.78; 54.21; 43.49;
1989;27; 0.404;296.06; 32.41; 51.97; 42.19;
1989;28; 0.390;296.25; 28.14; 51.82; 39.98;
1989;29; 0.371;296.06; 23.35; 56.34; 39.84;
1989;30; 0.352;295.62; 20.19; 63.54; 41.87;
1989;31; 0.351;295.97; 22.36; 59.85; 41.11;
1989;32; 0.350;296.40; 24.28; 52.47; 38.38;
1989;33; 0.341;295.66; 23.21; 54.53; 38.87;
1989;34; 0.331;294.75; 25.74; 56.01; 40.87;
1989;35; 0.318;293.62; 28.86; 56.64; 42.75;
1989;36; 0.304;292.17; 33.77; 58.98; 46.37;
1989;37; 0.286;290.59; 37.00; 61.96; 49.48;
1989;38; 0.268;288.37; 38.48; 70.76; 54.62;
1989;39; 0.265;287.26; 46.43; 61.66; 54.04;
1989;40; 0.261;286.27; 56.37; 46.73; 51.55;
1989;41; 0.247;284.75; 61.23; 37.27; 49.25;
1989;42; 0.228;282.80; 64.05; 35.84; 49.94;
1989;43; 0.210;280.52; 68.12; 36.08; 52.10;
1989;44; 0.200;279.00; 77.34; 19.76; 48.55;
1989;45; 0.178;277.52; 78.39; 12.87; 45.63;
1989;46; 0.144;274.49; 70.43; 20.07; 45.25;
1989;47; 0.115;271.67; 61.55; 25.01; 43.28;
1989;48; 0.095;269.56; 53.79; 29.30; 41.54;
1989;49; 0.085;268.16; 50.12; 29.85; 39.99;
1989;50; 0.073;265.99; 45.42; 33.04; 39.23;
1989;51; 0.068;265.21; 45.36; 29.79; 37.57;
1989;52; 0.070;265.95; 52.60; 23.22; 37.91;
1990; 1; 0.073;266.64; 59.14; 16.71; 37.92;
1990; 2; 0.076;267.58; 62.20; 11.33; 36.77;
1990; 3; 0.080;268.47; 66.24;  8.34; 37.29;
1990; 4; 0.086;269.88; 71.17;  5.45; 38.31;
1990; 5; 0.095;271.84; 74.88;  3.99; 39.44;
1990; 6; 0.106;273.93; 76.37;  3.27; 39.82;
1990; 7; 0.123;275.46; 80.68;  3.10; 41.89;
1990; 8; 0.143;277.27; 85.07;  2.21; 43.64;
1990; 9; 0.164;279.32; 89.32;  1.53; 45.43;
1990;10; 0.317;289.69; 59.26; 67.15; 63.21;
1990;11; 0.206;282.47; 94.08;  1.74; 47.91;
1990;12; 0.222;285.23; 93.85;  1.69; 47.77;
1990;13; 0.231;287.22; 91.07;  2.16; 46.61;
1990;14; 0.240;288.19; 85.95;  4.70; 45.33;
1990;15; 0.254;288.71; 79.23; 15.51; 47.37;
1990;16; 0.271;288.83; 70.81; 35.00; 52.91;
1990;17; 0.299;289.41; 67.10; 50.30; 58.70;
1990;18; 0.338;290.37; 69.90; 61.73; 65.82;
1990;19; 0.367;291.19; 68.04; 70.02; 69.03;
1990;20; 0.386;291.73; 61.49; 76.71; 69.10;
1990;21; 0.391;291.77; 50.23; 83.65; 66.94;
1990;22; 0.396;291.85; 41.17; 85.19; 63.18;
1990;23; 0.405;292.32; 38.45; 81.96; 60.20;
1990;24; 0.414;292.97; 40.37; 77.66; 59.01;
1990;25; 0.421;294.09; 43.07; 69.94; 56.50;
1990;26; 0.419;294.64; 41.12; 65.29; 53.21;
1990;27; 0.415;294.80; 39.39; 66.06; 52.73;
1990;28; 0.409;294.77; 40.83; 68.94; 54.89;
1990;29; 0.396;294.59; 38.34; 73.79; 56.06;
1990;30; 0.381;294.38; 35.67; 77.98; 56.83;
1990;31; 0.374;294.43; 35.03; 77.35; 56.19;
1990;32; 0.368;294.58; 33.53; 73.20; 53.37;
1990;33; 0.358;294.25; 32.01; 71.11; 51.56;
1990;34; 0.346;293.42; 32.55; 72.74; 52.65;
1990;35; 0.328;292.26; 32.89; 74.40; 53.65;
1990;36; 0.310;290.74; 35.59; 77.57; 56.58;
1990;37; 0.292;289.47; 39.84; 76.28; 58.06;
1990;38; 0.280;288.48; 44.20; 69.36; 56.78;
1990;39; 0.267;287.34; 47.91; 60.60; 54.25;
1990;40; 0.251;286.12; 49.84; 48.93; 49.38;
1990;41; 0.231;284.78; 50.97; 36.72; 43.84;
1990;42; 0.201;283.05; 45.94; 32.75; 39.35;
1990;43; 0.163;279.39; 37.22; 47.91; 42.57;
1990;44; 0.134;276.03; 32.76; 47.34; 40.05;
1990;45; 0.111;273.76; 28.71; 40.85; 34.78;
1990;46; 0.095;271.12; 28.41; 40.53; 34.47;
1990;47; 0.086;269.05; 34.03; 38.80; 36.42;
1990;48; 0.077;267.16; 35.03; 40.51; 37.77;
1990;49; 0.071;265.82; 35.29; 39.52; 37.40;
1990;50; 0.070;265.24; 40.72; 35.86; 38.29;
1990;51; 0.071;265.09; 47.12; 30.08; 38.60;
1990;52; 0.074;265.36; 55.11; 25.21; 40.16;
1991; 1; 0.080;265.99; 67.08; 18.90; 42.99;
1991; 2; 0.090;266.79; 77.06; 14.15; 45.60;
1991; 3; 0.093;266.93; 79.09; 14.06; 46.58;
1991; 4; 0.086;265.20; 72.74; 23.45; 48.09;
1991; 5; 0.074;264.95; 57.64; 29.87; 43.76;
1991; 6; 0.063;265.47; 43.12; 34.45; 38.79;
1991; 7; 0.054;265.21; 31.78; 40.89; 36.34;
1991; 8; 0.052;265.93; 26.44; 44.15; 35.29;
1991; 9; 0.051;266.76; 23.53; 47.57; 35.55;
1991;10; 0.052;268.41; 19.53; 49.81; 34.67;
1991;11; 0.057;271.02; 17.04; 47.28; 32.16;
1991;12; 0.069;274.77; 16.04; 44.58; 30.31;
1991;13; 0.083;278.76; 14.10; 41.17; 27.63;
1991;14; 0.097;281.52;  8.84; 42.49; 25.67;
1991;15; 0.120;283.64;  6.91; 50.46; 28.68;
1991;16; 0.151;285.45;  7.76; 60.86; 34.31;
1991;17; 0.186;286.68;  9.36; 73.69; 41.53;
1991;18; 0.231;288.69; 13.56; 77.66; 45.61;
1991;19; 0.274;289.87; 16.77; 82.87; 49.82;
1991;20; 0.317;290.72; 21.15; 86.59; 53.87;
1991;21; 0.354;291.84; 26.24; 82.78; 54.51;
1991;22; 0.384;292.70; 32.56; 76.97; 54.77;
1991;23; 0.411;293.40; 41.87; 71.63; 56.75;
1991;24; 0.434;294.46; 53.76; 63.12; 58.44;
1991;25; 0.452;295.61; 64.55; 53.99; 59.27;
1991;26; 0.458;296.19; 67.71; 48.31; 58.01;
1991;27; 0.447;295.79; 61.88; 54.84; 58.36;
1991;28; 0.435;295.44; 57.92; 61.15; 59.53;
1991;29; 0.422;295.28; 54.49; 65.55; 60.02;
1991;30; 0.412;295.08; 53.62; 70.05; 61.83;
1991;31; 0.401;294.74; 49.86; 73.80; 61.83;
1991;32; 0.388;294.30; 45.55; 76.17; 60.86;
1991;33; 0.378;293.98; 44.38; 74.11; 59.25;
1991;34; 0.371;293.86; 47.39; 67.21; 57.30;
1991;35; 0.358;293.42; 50.25; 59.43; 54.84;
1991;36; 0.339;292.37; 51.86; 56.56; 54.21;
1991;37; 0.326;291.56; 58.00; 49.36; 53.68;
1991;38; 0.316;291.27; 64.11; 30.96; 47.53;
1991;39; 0.299;289.83; 65.50; 24.10; 44.80;
1991;40; 0.272;287.68; 62.94; 26.48; 44.71;
1991;41; 0.243;285.39; 58.50; 28.28; 43.39;
1991;42; 0.212;282.15; 53.32; 43.99; 48.65;
1991;43; 0.178;278.48; 46.86; 57.37; 52.11;
1991;44; 0.137;274.47; 34.66; 61.57; 48.12;
1991;45; 0.105;270.81; 24.30; 62.89; 43.60;
1991;46; 0.086;268.70; 21.82; 56.04; 38.93;
1991;47; 0.075;266.88; 24.35; 50.39; 37.37;
1991;48; 0.066;265.22; 25.87; 49.04; 37.46;
1991;49; 0.056;263.68; 21.97; 47.99; 34.98;
1991;50; 0.056;263.43; 27.58; 42.87; 35.22;
1991;51; 0.058;264.23; 35.32; 33.52; 34.42;
1991;52; 0.056;264.44; 37.47; 28.89; 33.18;
1992; 1; 0.056;264.22; 39.98; 25.85; 32.92;
1992; 2; 0.056;264.48; 40.91; 23.41; 32.16;
1992; 3; 0.058;264.67; 44.18; 23.39; 33.79;
1992; 4; 0.060;264.87; 46.89; 25.02; 35.96;
1992; 5; 0.058;264.36; 43.30; 32.38; 37.84;
1992; 6; 0.056;264.17; 38.01; 39.59; 38.80;
1992; 7; 0.059;265.62; 34.95; 39.64; 37.30;
1992; 8; 0.062;267.43; 33.23; 38.70; 35.97;
1992; 9; 0.067;269.44; 32.74; 37.58; 35.16;
1992;10; 0.071;271.50; 29.68; 37.92; 33.80;
1992;11; 0.078;273.68; 27.81; 36.44; 32.13;
1992;12; 0.088;275.55; 26.06; 41.37; 33.72;
1992;13; 0.102;277.23; 23.88; 48.11; 36.00;
1992;14; 0.122;279.55; 22.71; 53.07; 37.89;
1992;15; 0.153;282.51; 25.38; 57.23; 41.31;
1992;16; 0.194;285.60; 31.33; 58.68; 45.01;
1992;17; 0.242;288.39; 38.89; 58.21; 48.55;
1992;18; 0.288;290.51; 43.91; 59.73; 51.82;
1992;19; 0.324;291.91; 44.43; 62.25; 53.34;
1992;20; 0.353;293.05; 41.66; 63.31; 52.49;
1992;21; 0.376;293.92; 39.37; 62.20; 50.79;
1992;22; 0.393;294.53; 38.13; 59.06; 48.60;
1992;23; 0.409;295.08; 39.99; 55.50; 47.75;
1992;24; 0.425;295.53; 47.29; 52.68; 49.99;
1992;25; 0.436;295.97; 53.55; 50.30; 51.93;
1992;26; 0.440;296.52; 55.47; 44.90; 50.19;
1992;27; 0.439;297.05; 56.12; 41.05; 48.59;
1992;28; 0.434;297.77; 57.12; 34.91; 46.02;
1992;29; 0.422;298.45; 54.33; 29.62; 41.98;
1992;30; 0.406;299.01; 49.78; 27.03; 38.40;
1992;31; 0.387;299.39; 42.50; 22.96; 32.73;
1992;32; 0.371;299.40; 35.79; 19.30; 27.54;
1992;33; 0.352;299.15; 28.33; 13.90; 21.11;
1992;34; 0.328;298.02; 22.13; 15.11; 18.62;
1992;35; 0.302;296.18; 18.23; 23.61; 20.92;
1992;36; 0.273;293.48; 15.69; 42.17; 28.93;
1992;37; 0.246;290.98; 14.89; 57.11; 36.00;
1992;38; 0.221;288.96; 12.63; 63.28; 37.96;
1992;39; 0.200;286.16;  9.61; 78.33; 43.97;
1992;40; 0.183;283.29;  8.67; 89.28; 48.98;
1992;41; 0.166;280.85;  8.80; 90.70; 49.75;
1992;42; 0.142;278.52;  7.05; 88.10; 47.58;
1992;43; 0.114;275.90;  4.42; 83.13; 43.77;
1992;44; 0.092;273.31;  3.57; 72.15; 37.86;
1992;45; 0.080;271.02;  4.72; 61.43; 33.07;
1992;46; 0.070;269.21;  6.95; 52.78; 29.86;
1992;47; 0.061;267.25; 10.74; 48.46; 29.60;
1992;48; 0.057;265.88; 16.17; 46.32; 31.24;
1992;49; 0.052;264.12; 17.56; 46.45; 32.01;
1992;50; 0.051;263.48; 21.96; 42.85; 32.40;
1992;51; 0.053;263.84; 30.77; 35.12; 32.95;
1992;52; 0.057;263.71; 38.63; 31.65; 35.14;
1993; 1; 0.058;263.54; 43.51; 28.54; 36.03;
1993; 2; 0.060;264.08; 46.46; 25.28; 35.87;
1993; 3; 0.064;265.51; 50.90; 20.36; 35.63;
1993; 4; 0.069;266.76; 56.16; 17.88; 37.02;
1993; 5; 0.073;267.05; 56.76; 22.34; 39.55;
1993; 6; 0.073;265.96; 51.18; 33.12; 42.15;
1993; 7; 0.068;264.93; 42.02; 42.70; 42.36;
1993; 8; 0.062;263.77; 33.69; 53.12; 43.41;
1993; 9; 0.060;262.99; 28.69; 62.55; 45.62;
1993;10; 0.058;261.75; 22.60; 74.96; 48.78;
1993;11; 0.058;261.29; 17.67; 82.99; 50.33;
1993;12; 0.067;261.92; 15.14; 88.45; 51.79;
1993;13; 0.077;263.96; 11.04; 92.35; 51.69;
1993;14; 0.095;267.17;  8.04; 95.65; 51.85;
1993;15; 0.123;272.92;  8.92; 96.75; 52.83;
1993;16; 0.166;279.89; 15.55; 92.47; 54.01;
1993;17; 0.215;285.41; 24.25; 81.93; 53.09;
1993;18; 0.266;288.80; 32.07; 75.82; 53.95;
1993;19; 0.314;290.42; 38.73; 77.09; 57.91;
1993;20; 0.356;291.81; 43.24; 76.01; 59.62;
1993;21; 0.393;293.17; 50.31; 70.09; 60.20;
1993;22; 0.419;293.98; 55.47; 64.82; 60.15;
1993;23; 0.433;294.18; 57.27; 64.45; 60.86;
1993;24; 0.440;294.08; 57.59; 67.30; 62.45;
1993;25; 0.445;294.01; 58.68; 70.89; 64.79;
1993;26; 0.444;293.99; 57.68; 72.30; 64.99;
1993;27; 0.445;294.18; 59.09; 72.81; 65.95;
1993;28; 0.444;294.68; 62.90; 69.71; 66.30;
1993;29; 0.446;295.24; 67.66; 65.90; 66.78;
1993;30; 0.445;295.73; 71.19; 62.76; 66.98;
1993;31; 0.442;295.56; 72.75; 64.59; 68.67;
1993;32; 0.433;294.76; 71.23; 70.83; 71.03;
1993;33; 0.417;293.72; 67.60; 76.75; 72.17;
1993;34; 0.399;292.39; 64.03; 84.08; 74.05;
1993;35; 0.382;291.21; 63.36; 85.43; 74.40;
1993;36; 0.362;289.76; 63.51; 87.23; 75.37;
1993;37; 0.335;288.59; 62.35; 85.46; 73.91;
1993;38; 0.303;287.45; 56.28; 82.22; 69.25;
1993;39; 0.271;286.15; 49.44; 76.86; 63.15;
1993;40; 0.241;284.44; 43.13; 71.79; 57.46;
1993;41; 0.211;282.24; 37.59; 70.37; 53.98;
1993;42; 0.183;279.83; 34.55; 70.92; 52.73;
1993;43; 0.161;277.19; 35.88; 69.31; 52.59;
1993;44; 0.149;274.39; 42.40; 62.39; 52.40;
1993;45; 0.139;272.06; 47.22; 54.05; 50.64;
1993;46; 0.137;270.29; 54.40; 46.32; 50.36;
1993;47; 0.135;269.26; 59.87; 37.83; 48.85;
1993;48; 0.137;268.60; 65.17; 33.67; 49.42;
1993;49; 0.136;268.25; 67.06; 29.44; 48.25;
1993;50; 0.132;268.62; 69.84; 22.85; 46.34;
1993;51; 0.130;268.66; 72.71; 16.70; 44.71;
1993;52; 0.128;268.55; 75.43; 13.80; 44.61;
1994; 1; 0.124;267.84; 78.01; 12.60; 45.31;
1994; 2; 0.080;266.70; 68.06; 14.79; 41.43;
1994; 3; 0.086;265.75; 73.75; 19.08; 46.42;
1994; 4; 0.084;265.22; 72.17; 23.53; 47.85;
1994; 5; 0.082;264.28; 66.34; 32.47; 49.40;
1994; 6; 0.079;264.05; 57.05; 39.82; 48.43;
1994; 7; 0.077;264.45; 48.89; 44.10; 46.49;
1994; 8; 0.078;266.25; 44.14; 43.46; 43.80;
1994; 9; 0.083;267.95; 42.46; 43.80; 43.13;
1994;10; 0.090;270.95; 40.18; 40.91; 40.54;
1994;11; 0.097;274.07; 37.88; 35.64; 36.76;
1994;12; 0.110;277.02; 36.92; 35.81; 36.37;
1994;13; 0.129;280.46; 38.39; 33.59; 35.99;
1994;14; 0.149;283.40; 37.38; 31.73; 34.56;
1994;15; 0.176;285.77; 37.86; 35.97; 36.91;
1994;16; 0.212;288.05; 40.23; 41.07; 40.65;
1994;17; 0.251;289.97; 43.07; 45.38; 44.22;
1994;18; 0.291;290.77; 45.13; 57.56; 51.35;
1994;19; 0.329;291.06; 46.91; 70.73; 58.82;
1994;20; 0.365;291.16; 48.43; 81.09; 64.76;
1994;21; 0.397;291.55; 52.80; 84.58; 68.69;
1994;22; 0.427;291.64; 60.55; 86.16; 73.35;
1994;23; 0.453;292.01; 70.94; 84.34; 77.64;
1994;24; 0.473;292.55; 79.76; 81.71; 80.74;
1994;25; 0.488;293.47; 86.04; 76.57; 81.31;
1994;26; 0.494;294.51; 88.49; 66.83; 77.66;
1994;27; 0.489;294.92; 86.86; 64.77; 75.81;
1994;28; 0.477;295.32; 83.56; 62.73; 73.15;
1994;29; 0.463;295.81; 78.29; 59.99; 69.14;
1994;30; 0.443;295.89; 70.40; 61.30; 65.85;
1994;31; 0.419;295.58; 60.10; 64.61; 62.35;
1994;32; 0.394;294.86; 48.87; 69.84; 59.35;
1994;33; 0.373;293.83; 40.96; 75.49; 58.22;
1994;34; 0.360;293.04; 40.96; 76.42; 58.69;
1994;35; 0.354;292.47; 47.38; 70.34; 58.86;
1994;36; 0.363;292.50; 64.04; 54.88; 59.46;
1994;37;-1.000; -1.00; -1.00; -1.00; -1.00;
1994;38;-1.000; -1.00; -1.00; -1.00; -1.00;
1994;39;-1.000; -1.00; -1.00; -1.00; -1.00;
1994;40;-1.000; -1.00; -1.00; -1.00; -1.00;
1994;41;-1.000; -1.00; -1.00; -1.00; -1.00;
1994;42;-1.000; -1.00; -1.00; -1.00; -1.00;
1994;43;-1.000; -1.00; -1.00; -1.00; -1.00;
1994;44;-1.000; -1.00; -1.00; -1.00; -1.00;
1994;45;-1.000; -1.00; -1.00; -1.00; -1.00;
1994;46;-1.000; -1.00; -1.00; -1.00; -1.00;
1994;47;-1.000; -1.00; -1.00; -1.00; -1.00;
1994;48;-1.000; -1.00; -1.00; -1.00; -1.00;
1994;49;-1.000; -1.00; -1.00; -1.00; -1.00;
1994;50;-1.000; -1.00; -1.00; -1.00; -1.00;
1994;51;-1.000; -1.00; -1.00; -1.00; -1.00;
1994;52;-1.000; -1.00; -1.00; -1.00; -1.00;
1995; 1;-1.000; -1.00; -1.00; -1.00; -1.00;
1995; 2;-1.000; -1.00; -1.00; -1.00; -1.00;
1995; 3;-1.000; -1.00; -1.00; -1.00; -1.00;
1995; 4; 0.072;262.98; 52.72; 31.81; 42.26;
1995; 5; 0.073;265.14; 52.33; 28.45; 40.39;
1995; 6; 0.078;268.10; 51.67; 23.96; 37.82;
1995; 7; 0.085;271.55; 51.63; 17.03; 34.33;
1995; 8; 0.095;274.69; 53.09; 11.71; 32.40;
1995; 9; 0.104;276.98; 53.62;  9.98; 31.80;
1995;10; 0.114;278.89; 52.82; 10.30; 31.56;
1995;11; 0.121;280.11; 50.04; 11.04; 30.54;
1995;12; 0.130;280.90; 47.28; 19.72; 33.50;
1995;13; 0.142;281.88; 44.97; 27.21; 36.09;
1995;14; 0.162;283.81; 44.49; 29.78; 37.13;
1995;15; 0.185;285.94; 42.72; 34.75; 38.74;
1995;16; 0.216;288.55; 42.48; 37.49; 39.99;
1995;17; 0.250;289.87; 42.21; 46.78; 44.49;
1995;18; 0.293;291.30; 45.85; 53.08; 49.46;
1995;19; 0.337;292.65; 51.09; 55.48; 53.29;
1995;20; 0.375;293.57; 54.42; 58.41; 56.41;
1995;21; 0.408;294.68; 59.28; 54.85; 57.07;
1995;22; 0.434;295.88; 65.43; 45.80; 55.62;
1995;23; 0.454;296.47; 71.18; 42.07; 56.63;
1995;24; 0.467;296.69; 76.09; 41.42; 58.75;
1995;25; 0.470;296.64; 75.89; 43.50; 59.70;
1995;26; 0.471;296.77; 75.29; 42.43; 58.86;
1995;27; 0.467;297.04; 73.70; 41.49; 57.60;
1995;28; 0.462;297.39; 74.38; 39.50; 56.94;
1995;29; 0.453;297.50; 72.02; 40.71; 56.37;
1995;30; 0.444;297.41; 70.58; 44.73; 57.65;
1995;31; 0.436;297.14; 69.25; 47.57; 58.41;
1995;32; 0.428;296.81; 68.93; 48.12; 58.52;
1995;33; 0.415;296.41; 65.72; 45.67; 55.70;
1995;34; 0.402;295.97; 65.35; 40.49; 52.92;
1995;35; 0.386;295.21; 65.10; 36.14; 50.62;
1995;36; 0.373;293.93; 69.27; 36.38; 52.83;
1995;37; 0.354;292.28; 72.07; 40.51; 56.29;
1995;38; 0.338;290.47; 74.73; 42.40; 58.57;
1995;39; 0.321;288.96; 77.14; 37.14; 57.14;
1995;40; 0.304;287.45; 81.43; 29.99; 55.71;
1995;41; 0.283;285.83; 84.54; 22.66; 53.60;
1995;42; 0.255;283.45; 81.31; 28.14; 54.73;
1995;43; 0.222;280.61; 75.30; 35.31; 55.31;
1995;44; 0.183;277.30; 64.45; 35.72; 50.08;
1995;45; 0.149;274.16; 54.48; 38.06; 46.27;
1995;46; 0.120;271.53; 47.43; 38.21; 42.82;
1995;47; 0.100;269.50; 44.46; 36.54; 40.50;
1995;48; 0.084;267.85; 39.35; 37.29; 38.32;
1995;49; 0.072;265.95; 33.82; 38.94; 36.38;
1995;50; 0.058;263.83; 25.56; 41.30; 33.43;
1995;51; 0.047;261.58; 18.72; 43.40; 31.06;
1995;52; 0.039;259.00; 14.13; 48.52; 31.33;
1996; 1; 0.034;256.64; 10.79; 53.45; 32.12;
1996; 2; 0.030;255.63;  7.93; 57.08; 32.51;
1996; 3; 0.023;255.40;  5.11; 59.49; 32.30;
1996; 4; 0.019;254.48;  4.08; 65.19; 34.63;
1996; 5; 0.017;254.14;  3.38; 70.63; 37.01;
1996; 6; 0.014;253.69;  2.46; 77.91; 40.18;
1996; 7; 0.014;253.85;  1.95; 82.72; 42.33;
1996; 8; 0.014;255.31;  1.53; 83.37; 42.45;
1996; 9; 0.013;256.98;  1.16; 83.34; 42.25;
1996;10; 0.020;260.32;  1.55; 80.10; 40.83;
1996;11; 0.029;263.53;  2.13; 77.26; 39.70;
1996;12; 0.044;267.28;  3.02; 75.77; 39.40;
1996;13; 0.066;271.35;  4.88; 75.53; 40.20;
1996;14; 0.098;275.66;  9.50; 75.28; 42.39;
1996;15; 0.140;281.11; 17.67; 67.43; 42.55;
1996;16; 0.189;286.14; 27.58; 55.20; 41.39;
1996;17; 0.244;290.08; 38.96; 44.09; 41.53;
1996;18; 0.297;293.30; 48.07; 32.76; 40.42;
1996;19; 0.348;295.24; 57.53; 28.70; 43.11;
1996;20; 0.393;297.02; 64.84; 23.08; 43.96;
1996;21; 0.425;298.36; 70.01; 17.71; 43.86;
1996;22; 0.439;298.83; 68.29; 17.00; 42.65;
1996;23; 0.448;299.20; 66.33; 15.97; 41.15;
1996;24; 0.452;299.36; 64.51; 15.80; 40.15;
1996;25; 0.451;298.98; 61.92; 19.69; 40.80;
1996;26; 0.448;298.47; 58.81; 24.40; 41.60;
1996;27; 0.440;297.89; 55.19; 32.13; 43.66;
1996;28; 0.433;297.29; 55.15; 40.33; 47.74;
1996;29; 0.424;296.76; 54.40; 48.80; 51.60;
1996;30; 0.410;296.22; 51.77; 57.68; 54.73;
1996;31; 0.403;295.95; 51.37; 60.63; 56.00;
1996;32; 0.399;295.73; 52.00; 60.36; 56.18;
1996;33; 0.392;295.28; 53.13; 58.98; 56.06;
1996;34; 0.380;294.47; 53.04; 59.60; 56.32;
1996;35; 0.358;292.99; 50.00; 65.06; 57.53;
1996;36; 0.335;290.81; 49.22; 77.01; 63.12;
1996;37; 0.319;288.99; 53.59; 82.77; 68.18;
1996;38; 0.306;287.96; 57.58; 76.94; 67.26;
1996;39; 0.290;287.21; 59.91; 63.07; 61.49;
1996;40; 0.267;285.99; 59.20; 51.17; 55.18;
1996;41; 0.241;284.39; 57.25; 42.57; 49.91;
1996;42; 0.204;282.10; 47.61; 44.90; 46.25;
1996;43; 0.167;279.44; 38.48; 47.97; 43.22;
1996;44; 0.138;276.44; 34.30; 44.36; 39.33;
1996;45; 0.114;272.57; 30.31; 50.68; 40.50;
1996;46; 0.088;267.96; 22.61; 60.94; 41.77;
1996;47; 0.067;263.20; 15.58; 69.53; 42.55;
1996;48; 0.052;260.23; 11.05; 71.59; 41.32;
1996;49; 0.044;259.08;  8.36; 66.65; 37.50;
1996;50; 0.043;259.14; 11.41; 59.52; 35.46;
1996;51; 0.048;260.37; 21.82; 48.28; 35.05;
1996;52; 0.054;261.67; 31.26; 39.21; 35.24;
1997; 1; 0.062;262.96; 44.23; 30.70; 37.47;
1997; 2; 0.068;264.24; 51.71; 24.41; 38.06;
1997; 3; 0.075;265.65; 58.40; 19.60; 39.00;
1997; 4; 0.083;267.62; 66.87; 14.22; 40.54;
1997; 5; 0.097;269.44; 76.17; 13.05; 44.61;
1997; 6; 0.111;270.89; 79.50; 14.58; 47.04;
1997; 7; 0.118;272.58; 75.48; 13.79; 44.63;
1997; 8; 0.122;274.34; 70.21; 13.18; 41.69;
1997; 9; 0.127;276.04; 66.31; 13.67; 39.99;
1997;10; 0.133;277.92; 62.61; 14.29; 38.45;
1997;11; 0.140;280.00; 59.63; 11.77; 35.70;
1997;12; 0.145;282.21; 54.35; 14.38; 34.36;
1997;13; 0.155;284.34; 51.31; 15.75; 33.53;
1997;14; 0.166;285.79; 46.14; 18.73; 32.43;
1997;15; 0.179;287.28; 39.44; 25.75; 32.59;
1997;16; 0.202;288.92; 34.94; 34.65; 34.79;
1997;17; 0.232;290.39; 32.71; 42.04; 37.38;
1997;18; 0.263;291.52; 29.81; 50.65; 40.23;
1997;19; 0.297;292.48; 28.47; 57.20; 42.84;
1997;20; 0.332;293.36; 29.03; 60.46; 44.75;
1997;21; 0.366;293.55; 31.89; 66.27; 49.08;
1997;22; 0.395;293.18; 37.62; 72.60; 55.11;
1997;23; 0.425;293.52; 49.95; 70.83; 60.39;
1997;24; 0.454;294.15; 66.83; 66.59; 66.71;
1997;25; 0.469;294.35; 75.32; 67.56; 71.44;
1997;26; 0.474;294.36; 77.86; 68.51; 73.19;
1997;27; 0.462;293.76; 70.97; 77.25; 74.11;
1997;28; 0.446;293.30; 64.31; 84.85; 74.58;
1997;29; 0.436;293.23; 62.14; 88.39; 75.27;
1997;30; 0.430;293.26; 62.93; 89.66; 76.29;
1997;31; 0.426;293.38; 63.68; 88.45; 76.07;
1997;32; 0.422;293.25; 65.10; 87.84; 76.47;
1997;33; 0.417;292.90; 66.66; 86.76; 76.71;
1997;34; 0.407;292.39; 68.26; 85.77; 77.01;
1997;35; 0.397;291.55; 71.63; 83.94; 77.79;
1997;36; 0.386;290.72; 76.50; 78.52; 77.51;
1997;37; 0.372;289.70; 81.93; 74.17; 78.05;
1997;38; 0.353;288.40; 83.16; 71.10; 77.13;
1997;39; 0.326;286.58; 80.06; 72.25; 76.15;
1997;40; 0.289;284.20; 72.02; 77.00; 74.51;
1997;41; 0.255;281.89; 65.93; 77.12; 71.53;
1997;42; 0.225;279.35; 61.19; 78.45; 69.82;
1997;43; 0.195;276.40; 57.10; 78.49; 67.79;
1997;44; 0.162;273.03; 51.28; 74.90; 63.09;
1997;45; 0.126;268.94; 39.98; 76.84; 58.41;
1997;46; 0.091;264.71; 25.86; 80.03; 52.94;
1997;47; 0.070;261.61; 19.64; 77.87; 48.75;
1997;48; 0.059;258.59; 18.10; 79.37; 48.73;
1997;49; 0.053;256.24; 18.41; 78.19; 48.30;
1997;50; 0.050;254.97; 20.82; 75.41; 48.12;
1997;51; 0.050;254.56; 27.01; 70.18; 48.59;
1997;52; 0.054;255.07; 35.01; 63.42; 49.22;
1998; 1; 0.060;256.30; 45.11; 55.62; 50.37;
1998; 2; 0.068;258.76; 55.19; 46.02; 50.61;
1998; 3; 0.076;261.81; 63.02; 35.01; 49.01;
1998; 4; 0.083;264.40; 69.41; 27.15; 48.28;
1998; 5; 0.089;266.20; 70.57; 25.58; 48.07;
1998; 6; 0.096;267.78; 69.34; 26.31; 47.82;
1998; 7; 0.098;268.94; 62.65; 27.58; 45.11;
1998; 8; 0.099;270.24; 57.10; 28.79; 42.94;
1998; 9; 0.098;270.54; 50.90; 34.31; 42.61;
1998;10; 0.098;270.69; 44.55; 41.78; 43.16;
1998;11; 0.098;271.21; 37.90; 46.62; 42.26;
1998;12; 0.103;272.35; 33.14; 53.91; 43.52;
1998;13; 0.118;274.48; 32.32; 59.32; 45.82;
1998;14; 0.144;277.67; 34.15; 61.89; 48.02;
1998;15; 0.186;281.51; 42.89; 62.96; 52.93;
1998;16; 0.236;285.25; 52.84; 60.85; 56.85;
1998;17; 0.283;288.08; 59.41; 60.30; 59.85;
1998;18; 0.317;289.69; 59.26; 67.15; 63.21;
1998;19; 0.350;291.21; 58.46; 69.04; 63.75;
1998;20; 0.378;292.31; 56.18; 70.12; 63.15;
1998;21; 0.406;293.32; 58.23; 67.85; 63.04;
1998;22; 0.426;293.86; 59.67; 65.45; 62.56;
1998;23; 0.441;294.34; 61.72; 62.54; 62.13;
1998;24; 0.449;294.70; 63.27; 61.03; 62.15;
1998;25; 0.455;294.73; 65.54; 63.46; 64.50;
1998;26; 0.455;294.61; 64.50; 65.64; 65.07;
1998;27; 0.453;294.76; 64.75; 66.39; 65.57;
1998;28; 0.456;295.47; 70.49; 60.92; 65.71;
1998;29; 0.460;296.32; 76.86; 53.89; 65.38;
1998;30; 0.460;296.77; 80.18; 51.60; 65.89;
1998;31; 0.450;296.50; 77.26; 54.62; 65.94;
1998;32; 0.435;295.85; 72.92; 58.97; 65.94;
1998;33; 0.419;294.80; 68.46; 64.65; 66.55;
1998;34; 0.406;293.91; 67.80; 66.72; 67.26;
1998;35; 0.395;293.45; 70.72; 59.44; 65.08;
1998;36; 0.377;292.25; 71.11; 58.79; 64.95;
1998;37; 0.359;290.82; 74.40; 59.80; 67.10;
1998;38; 0.340;289.34; 75.81; 58.28; 67.04;
1998;39; 0.316;287.11; 74.27; 64.62; 69.45;
1998;40; 0.286;284.44; 70.28; 73.55; 71.92;
1998;41; 0.252;281.91; 63.90; 77.05; 70.48;
1998;42; 0.219;279.28; 57.42; 79.44; 68.43;
1998;43; 0.189;276.50; 53.39; 77.58; 65.49;
1998;44; 0.156;272.59; 46.50; 78.77; 62.64;
1998;45; 0.121;268.63; 35.24; 79.12; 57.18;
1998;46; 0.091;264.32; 23.54; 82.81; 53.17;
1998;47; 0.075;260.77; 21.68; 82.60; 52.14;
1998;48; 0.064;258.81; 21.58; 78.31; 49.94;
1998;49; 0.054;257.12; 17.61; 74.27; 45.94;
1998;50; 0.049;255.52; 17.87; 72.77; 45.32;
1998;51; 0.044;255.79; 19.01; 64.82; 41.91;
1998;52; 0.042;256.15; 20.17; 58.51; 39.34;
1999; 1; 0.040;256.19; 20.07; 54.75; 37.41;
1999; 2; 0.041;255.86; 23.17; 55.80; 39.48;
1999; 3; 0.044;255.13; 29.41; 60.18; 44.80;
1999; 4; 0.048;254.45; 35.15; 64.56; 49.86;
1999; 5; 0.053;253.83; 38.45; 70.66; 54.56;
1999; 6; 0.057;254.90; 38.36; 72.81; 55.59;
1999; 7; 0.063;257.58; 38.08; 69.45; 53.76;
1999; 8; 0.072;260.99; 39.35; 63.17; 51.26;
1999; 9; 0.083;265.36; 41.74; 53.24; 47.49;
1999;10; 0.101;269.87; 45.92; 44.52; 45.22;
1999;11; 0.124;273.91; 51.73; 35.98; 43.85;
1999;12; 0.150;278.57; 57.20; 29.22; 43.21;
1999;13; 0.175;282.17; 62.26; 25.50; 43.88;
1999;14; 0.201;284.55; 65.67; 25.38; 45.53;
1999;15; 0.232;286.63; 68.74; 29.94; 49.34;
1999;16; 0.268;288.86; 70.50; 34.70; 52.60;
1999;17; 0.308;290.54; 72.85; 40.67; 56.76;
1999;18; 0.351;291.64; 77.13; 49.66; 63.39;
1999;19; 0.388;292.88; 79.82; 53.27; 66.55;
1999;20; 0.421;294.16; 81.22; 52.56; 66.89;
1999;21; 0.448;295.64; 84.28; 45.33; 64.81;
1999;22; 0.463;296.78; 84.54; 37.30; 60.92;
1999;23; 0.470;297.54; 82.41; 31.97; 57.19;
1999;24; 0.472;298.31; 79.32; 25.80; 52.56;
1999;25; 0.468;298.75; 74.11; 21.93; 48.02;
1999;26; 0.458;298.62; 65.69; 22.63; 44.16;
1999;27; 0.443;298.12; 57.09; 29.51; 43.30;
1999;28; 0.429;297.66; 52.63; 36.17; 44.40;
1999;29; 0.415;297.31; 49.03; 42.59; 45.81;
1999;30; 0.400;296.93; 46.18; 49.74; 47.96;
1999;31; 0.388;296.27; 41.93; 57.16; 49.55;
1999;32; 0.380;295.44; 40.00; 63.59; 51.80;
1999;33; 0.379;295.04; 43.67; 61.93; 52.80;
1999;34; 0.379;294.74; 51.26; 56.37; 53.81;
1999;35; 0.369;293.86; 55.80; 54.06; 54.93;
1999;36; 0.358;293.17; 61.01; 46.46; 53.73;
1999;37; 0.340;292.69; 64.80; 35.07; 49.93;
1999;38; 0.311;291.65; 60.61; 26.17; 43.39;
1999;39; 0.273;289.42; 49.95; 30.50; 40.23;
1999;40; 0.237;286.11; 41.02; 49.39; 45.21;
1999;41; 0.205;282.58; 33.57; 67.04; 50.31;
1999;42; 0.175;280.09; 28.70; 68.95; 48.82;
1999;43; 0.147;277.46; 25.43; 67.26; 46.35;
1999;44; 0.120;274.54; 21.81; 60.07; 40.94;
1999;45; 0.098;271.36; 17.40; 57.96; 37.68;
1999;46; 0.077;268.87; 12.91; 53.90; 33.40;
1999;47; 0.060;267.08;  9.38; 48.89; 29.13;
1999;48; 0.048;265.08;  7.02; 49.81; 28.41;
1999;49; 0.042;263.78;  6.84; 47.73; 27.29;
1999;50; 0.037;263.40;  6.20; 42.92; 24.56;
1999;51; 0.031;262.86;  5.01; 38.54; 21.78;
1999;52; 0.028;261.69;  5.90; 38.75; 22.33;
2000; 1; 0.029;259.74;  9.45; 42.21; 25.83;
2000; 2; 0.029;258.97; 10.82; 44.24; 27.53;
2000; 3; 0.030;259.24; 14.10; 44.16; 29.13;
2000; 4; 0.032;259.66; 18.03; 44.72; 31.38;
2000; 5; 0.034;260.03; 20.63; 47.97; 34.30;
2000; 6; 0.037;261.11; 21.78; 50.32; 36.05;
2000; 7; 0.040;263.36; 20.65; 47.68; 34.16;
2000; 8; 0.045;265.75; 21.61; 44.97; 33.29;
2000; 9; 0.054;267.48; 24.73; 45.32; 35.03;
2000;10; 0.065;269.69; 26.11; 45.59; 35.85;
2000;11; 0.076;272.62; 26.67; 41.74; 34.21;
2000;12; 0.089;275.89; 26.29; 41.01; 33.65;
2000;13; 0.107;279.19; 26.26; 40.02; 33.14;
2000;14; 0.131;282.37; 27.48; 38.14; 32.81;
2000;15; 0.168;285.60; 32.82; 36.97; 34.89;
2000;16; 0.216;288.32; 42.19; 38.72; 40.45;
2000;17; 0.275;290.50; 55.21; 40.58; 47.90;
2000;18; 0.322;291.97; 61.53; 45.95; 53.74;
2000;19; 0.354;293.05; 60.23; 51.15; 55.69;
2000;20; 0.379;294.11; 56.38; 52.74; 54.56;
2000;21; 0.404;295.12; 56.01; 50.38; 53.20;
2000;22; 0.422;295.67; 55.95; 48.06; 52.00;
2000;23; 0.435;296.07; 57.21; 46.12; 51.67;
2000;24; 0.446;296.24; 60.96; 46.12; 53.54;
2000;25; 0.449;296.16; 61.10; 48.79; 54.95;
2000;26; 0.443;295.82; 56.36; 52.87; 54.62;
2000;27; 0.434;295.38; 51.30; 59.80; 55.55;
2000;28; 0.421;294.94; 47.22; 66.83; 57.03;
2000;29; 0.410;294.73; 46.01; 71.78; 58.90;
2000;30; 0.405;294.84; 48.73; 72.72; 60.73;
2000;31; 0.395;294.51; 46.31; 76.32; 61.32;
2000;32; 0.382;293.88; 41.18; 80.61; 60.90;
2000;33; 0.369;293.50; 38.43; 79.48; 58.95;
2000;34; 0.349;292.73; 34.11; 80.78; 57.45;
2000;35; 0.321;291.13; 29.55; 86.97; 58.26;
2000;36; 0.298;289.68; 29.58; 88.00; 58.79;
2000;37; 0.280;288.65; 33.17; 84.67; 58.92;
2000;38; 0.264;288.13; 35.48; 73.43; 54.45;
2000;39; 0.247;287.65; 35.76; 55.84; 45.80;
2000;40; 0.227;287.02; 34.61; 36.08; 35.34;
2000;41; 0.201;285.73; 31.09; 24.25; 27.67;
2000;42; 0.170;284.15; 25.65; 19.86; 22.76;
2000;43; 0.140;282.30; 22.37; 17.96; 20.17;
2000;44; 0.108;280.15; 16.46;  9.53; 12.99;
2000;45; 0.084;278.16; 13.56;  8.22; 10.89;
2000;46; 0.071;276.38; 14.48;  8.44; 11.46;
2000;47; 0.059;274.71; 15.87;  9.03; 12.45;
2000;48; 0.053;273.47; 17.95; 11.47; 14.71;
2000;49; 0.053;272.11; 20.68; 13.76; 17.22;
2000;50; 0.051;270.33; 22.66; 16.25; 19.46;
2000;51; 0.048;268.50; 23.66; 17.23; 20.44;
2000;52; 0.058;266.95; 35.47; 19.34; 27.41;
2001; 1; 0.072;265.20; 55.96; 21.71; 38.84;
2001; 2; 0.068;263.37; 53.30; 27.14; 40.22;
2001; 3; 0.067;262.23; 53.25; 32.51; 42.88;
2001; 4; 0.067;262.84; 53.51; 32.79; 43.15;
2001; 5; 0.068;263.33; 51.95; 36.38; 44.16;
2001; 6; 0.073;264.41; 51.74; 39.05; 45.40;
2001; 7; 0.078;265.61; 49.25; 40.33; 44.79;
2001; 8; 0.089;268.16; 50.78; 36.91; 43.85;
2001; 9; 0.104;271.48; 54.72; 31.26; 42.99;
2001;10; 0.124;274.61; 59.16; 27.45; 43.31;
2001;11; 0.152;277.62; 66.39; 21.90; 44.15;
2001;12; 0.179;280.66; 71.96; 21.31; 46.64;
2001;13; 0.206;283.55; 77.71; 19.73; 48.72;
2001;14; 0.230;285.58; 80.55; 20.14; 50.35;
2001;15; 0.253;286.81; 78.58; 29.24; 53.91;
2001;16; 0.280;288.49; 75.66; 38.13; 56.89;
2001;17; 0.321;290.41; 78.02; 42.09; 60.05;
2001;18; 0.372;291.47; 85.99; 51.31; 68.65;
2001;19; 0.408;291.90; 88.37; 63.12; 75.74;
2001;20; 0.433;292.25; 87.91; 71.81; 79.86;
2001;21; 0.447;292.19; 83.94; 79.87; 81.91;
2001;22; 0.453;291.89; 78.49; 85.06; 81.77;
2001;23; 0.454;291.72; 71.22; 87.80; 79.51;
2001;24; 0.455;292.14; 67.67; 85.81; 76.74;
2001;25; 0.458;293.08; 66.83; 80.44; 73.63;
2001;26; 0.458;294.19; 65.96; 70.32; 68.14;
2001;27; 0.455;295.56; 65.04; 57.92; 61.48;
2001;28; 0.446;296.55; 62.85; 49.03; 55.94;
2001;29; 0.434;296.94; 59.85; 47.31; 53.58;
2001;30; 0.424;297.34; 58.94; 45.70; 52.32;
2001;31; 0.413;297.56; 55.81; 43.10; 49.46;
2001;32; 0.395;296.97; 48.34; 46.48; 47.41;
2001;33; 0.375;296.13; 41.09; 48.93; 45.01;
2001;34; 0.355;295.17; 36.89; 50.81; 43.85;
2001;35; 0.337;293.63; 36.90; 57.10; 47.00;
2001;36; 0.324;292.13; 42.22; 60.08; 51.15;
2001;37; 0.314;290.65; 50.46; 61.74; 56.10;
2001;38; 0.304;289.54; 56.44; 55.52; 55.98;
2001;39; 0.298;288.44; 64.17; 45.10; 54.64;
2001;40; 0.285;286.44; 70.34; 44.81; 57.58;
2001;41; 0.269;283.68; 75.72; 52.48; 64.10;
2001;42; 0.253;281.22; 80.21; 55.67; 67.94;
2001;43; 0.234;278.45; 82.75; 57.79; 70.27;
2001;44; 0.210;274.76; 83.12; 59.20; 71.16;
2001;45; 0.181;271.04; 79.96; 61.30; 70.63;
2001;46; 0.148;267.11; 72.80; 65.61; 69.21;
2001;47; 0.115;262.65; 60.40; 72.55; 66.48;
2001;48; 0.088;257.79; 45.39; 82.22; 63.80;
2001;49; 0.072;253.26; 35.83; 88.57; 62.20;
2001;50; 0.062;251.13; 31.95; 88.03; 59.99;
2001;51; 0.055;250.20; 30.27; 84.59; 57.43;
2001;52; 0.054;249.73; 32.50; 81.16; 56.83;
2002; 1; 0.051;249.47; 32.38; 78.96; 55.67;
2002; 2; 0.051;251.07; 33.66; 73.95; 53.80;
2002; 3; 0.061;255.49; 46.14; 58.60; 52.37;
2002; 4; 0.075;260.05; 60.33; 42.89; 51.61;
2002; 5; 0.090;263.90; 71.19; 33.17; 52.18;
2002; 6; 0.107;267.73; 77.33; 25.49; 51.41;
2002; 7; 0.129;271.55; 84.78; 16.99; 50.88;
2002; 8; 0.148;274.25; 88.06; 13.00; 50.53;
2002; 9; 0.165;276.80; 89.38; 10.50; 49.94;
2002;10; 0.177;278.58; 87.13; 11.60; 49.37;
2002;11; 0.194;281.32; 87.59;  6.37; 46.98;
2002;12; 0.210;284.05; 87.49;  6.78; 47.14;
2002;13; 0.225;285.94; 87.98;  8.48; 48.23;
2002;14; 0.240;287.19; 86.18; 10.74; 48.46;
2002;15; 0.258;289.01; 82.09; 13.60; 47.84;
2002;16; 0.282;290.80; 77.32; 19.59; 48.46;
2002;17; 0.315;292.00; 75.82; 27.46; 51.64;
2002;18; 0.352;292.65; 76.97; 39.11; 58.04;
2002;19; 0.387;293.34; 78.51; 48.22; 63.36;
2002;20; 0.413;293.96; 76.09; 54.62; 65.35;
2002;21; 0.431;294.18; 73.17; 60.30; 66.73;
2002;22; 0.443;294.44; 70.52; 60.63; 65.58;
2002;23; 0.451;294.74; 69.31; 59.38; 64.34;
2002;24; 0.456;295.30; 68.10; 55.41; 61.76;
2002;25; 0.460;296.29; 68.15; 47.38; 57.77;
2002;26; 0.456;297.05; 64.49; 39.48; 51.99;
2002;27; 0.447;297.78; 60.11; 33.45; 46.78;
2002;28; 0.430;298.28; 52.51; 29.54; 41.02;
2002;29; 0.409;298.23; 45.01; 32.63; 38.82;
2002;30; 0.394;297.96; 42.00; 38.95; 40.48;
2002;31; 0.384;297.63; 39.29; 42.50; 40.89;
2002;32; 0.377;297.22; 38.18; 44.03; 41.10;
2002;33; 0.369;296.67; 37.53; 42.87; 40.20;
2002;34; 0.354;295.64; 35.77; 44.91; 40.34;
2002;35; 0.332;294.15; 33.54; 50.39; 41.96;
2002;36; 0.312;292.47; 35.63; 55.80; 45.72;
2002;37; 0.295;290.12; 40.08; 68.88; 54.48;
2002;38; 0.280;287.71; 43.41; 80.63; 62.02;
2002;39; 0.266;285.77; 46.01; 83.50; 64.76;
2002;40; 0.252;284.30; 49.53; 75.21; 62.37;
2002;41; 0.233;282.39; 51.80; 70.22; 61.01;
2002;42; 0.211;280.01; 52.07; 70.32; 61.20;
2002;43; 0.188;277.57; 52.45; 66.53; 59.49;
2002;44; 0.168;275.26; 53.87; 54.40; 54.14;
2002;45; 0.152;272.88; 56.77; 47.56; 52.17;
2002;46; 0.140;270.21; 64.03; 46.39; 55.21;
2002;47; 0.128;267.07; 70.25; 49.34; 59.79;
2002;48; 0.117;264.83; 71.46; 50.98; 61.22;
2002;49; 0.112;263.99; 73.15; 46.84; 59.99;
2002;50; 0.107;262.80; 76.59; 45.35; 60.97;
2002;51; 0.100;261.50; 75.80; 43.83; 59.81;
2002;52; 0.091;260.90; 71.20; 41.83; 56.52;
2003; 1; 0.081;260.79; 63.72; 38.62; 51.17;
2003; 2; 0.071;260.05; 53.42; 40.75; 47.09;
2003; 3; 0.065;259.66; 48.18; 43.49; 45.83;
2003; 4; 0.062;259.70; 45.30; 45.44; 45.37;
2003; 5; 0.060;260.28; 41.96; 48.02; 44.99;
2003; 6; 0.059;260.77; 37.29; 52.50; 44.90;
2003; 7; 0.060;261.43; 34.06; 55.80; 44.93;
2003; 8; 0.061;262.16; 31.05; 59.23; 45.14;
2003; 9;-1.000; -1.00; -1.00; -1.00; -1.00;
2003;10; 0.076;267.04; 32.09; 55.71; 43.90;
2003;11; 0.096;270.51; 36.50; 49.90; 43.20;
2003;12; 0.118;274.36; 41.03; 46.78; 43.90;
2003;13; 0.139;277.97; 43.43; 45.09; 44.26;
2003;14; 0.162;281.47; 44.45; 42.63; 43.54;
2003;15; 0.186;284.58; 43.46; 43.84; 43.65;
2003;16; 0.213;287.40; 40.95; 46.21; 43.58;
2003;17; 0.244;290.47; 39.53; 41.65; 40.59;
2003;18; 0.281;293.46; 39.78; 32.36; 36.07;
2003;19; 0.317;295.75; 40.41; 25.36; 32.88;
2003;20; 0.355;297.21; 42.70; 23.25; 32.98;
2003;21; 0.386;297.82; 44.78; 24.74; 34.76;
2003;22; 0.407;298.00; 45.92; 26.44; 36.18;
2003;23; 0.421;297.99; 47.12; 28.87; 38.00;
2003;24; 0.422;297.37; 44.01; 35.89; 39.95;
2003;25; 0.418;296.60; 39.89; 44.45; 42.17;
2003;26; 0.411;295.87; 36.32; 52.04; 44.18;
2003;27; 0.406;295.56; 34.58; 57.33; 45.96;
2003;28; 0.403;295.54; 36.94; 59.68; 48.31;
2003;29; 0.402;295.41; 41.46; 63.99; 52.72;
2003;30; 0.400;295.33; 45.68; 67.32; 56.50;
2003;31; 0.399;295.20; 48.18; 68.76; 58.47;
2003;32; 0.394;294.91; 47.95; 69.34; 58.64;
2003;33; 0.386;294.44; 48.01; 68.81; 58.41;
2003;34; 0.375;293.44; 49.34; 72.45; 60.90;
2003;35; 0.369;292.73; 55.54; 68.74; 62.14;
2003;36; 0.360;292.14; 61.96; 60.21; 61.08;
2003;37; 0.342;290.91; 65.78; 58.63; 62.20;
2003;38; 0.319;289.37; 64.85; 57.85; 61.35;
2003;39; 0.291;287.23; 60.38; 62.33; 61.35;
2003;40; 0.256;284.22; 52.25; 74.70; 63.47;
2003;41; 0.227;281.59; 48.03; 78.21; 63.12;
2003;42; 0.205;279.29; 48.13; 77.13; 62.63;
2003;43; 0.186;277.53; 51.54; 66.56; 59.05;
2003;44; 0.167;275.68; 53.82; 50.49; 52.15;
2003;45; 0.144;274.13; 51.47; 38.15; 44.81;
2003;46; 0.122;272.35; 48.91; 33.01; 40.96;
2003;47; 0.105;269.30; 49.60; 37.46; 43.53;
2003;48; 0.095;266.54; 51.27; 43.02; 47.14;
2003;49; 0.088;263.05; 50.66; 50.34; 50.50;
2003;50; 0.082;258.68; 52.16; 60.79; 56.48;
2003;51; 0.075;252.94; 52.23; 75.49; 63.86;
2003;52; 0.068;245.50; 50.25; 90.79; 70.52;
2004; 1; 0.063;239.06; 49.25; 96.24; 72.75;
2004; 2;-1.000; -1.00; -1.00; -1.00; -1.00;
2004; 3;-1.000; -1.00; -1.00; -1.00; -1.00;
2004; 4;-1.000; -1.00; -1.00; -1.00; -1.00;
2004; 5; 0.065;244.09; 50.75; 94.28; 72.51;
2004; 6; 0.069;250.25; 48.47; 87.52; 68.00;
2004; 7; 0.074;255.22; 45.89; 78.45; 62.17;
2004; 8; 0.079;259.03; 43.95; 71.24; 57.60;
2004; 9; 0.083;261.77; 42.14; 67.75; 54.95;
2004;10; 0.085;263.13; 37.39; 71.21; 54.30;
2004;11;-1.000; -1.00; -1.00; -1.00; -1.00;
2004;12;-1.000; -1.00; -1.00; -1.00; -1.00;
2004;13;-1.000; -1.00; -1.00; -1.00; -1.00;
2004;14;-1.000; -1.00; -1.00; -1.00; -1.00;
2004;15;-1.000; -1.00; -1.00; -1.00; -1.00;
2004;16;-1.000; -1.00; -1.00; -1.00; -1.00;
2004;17;-1.000; -1.00; -1.00; -1.00; -1.00;
2004;18;-1.000; -1.00; -1.00; -1.00; -1.00;
2004;19;-1.000; -1.00; -1.00; -1.00; -1.00;
2004;20;-1.000; -1.00; -1.00; -1.00; -1.00;
2004;21;-1.000; -1.00; -1.00; -1.00; -1.00;
2004;22;-1.000; -1.00; -1.00; -1.00; -1.00;
2004;23;-1.000; -1.00; -1.00; -1.00; -1.00;
2004;24;-1.000; -1.00; -1.00; -1.00; -1.00;
2004;25; 0.428;296.12; 46.68; 48.29; 47.49;
2004;26; 0.418;296.17; 40.48; 47.80; 44.14;
2004;27; 0.412;295.87; 38.19; 53.22; 45.71;
2004;28; 0.406;295.66; 38.87; 57.77; 48.32;
2004;29;-1.000; -1.00; -1.00; -1.00; -1.00;
2004;30; 0.399;295.13; 44.96; 68.86; 56.91;
2004;31; 0.401;295.12; 48.93; 69.49; 59.21;
2004;32; 0.405;294.99; 54.32; 68.48; 61.40;
2004;33; 0.405;294.61; 59.33; 66.67; 63.00;
2004;34; 0.411;294.14; 70.37; 63.62; 67.00;
2004;35; 0.409;293.46; 77.65; 59.11; 68.38;
2004;36; 0.396;292.88; 81.08; 50.36; 65.72;
2004;37; 0.376;291.58; 82.99; 49.48; 66.23;
2004;38; 0.353;289.66; 82.46; 53.39; 67.92;
2004;39; 0.329;287.71; 81.19; 55.38; 68.28;
2004;40; 0.302;285.61; 79.58; 56.62; 68.10;
2004;41; 0.273;283.52; 77.15; 54.68; 65.92;
2004;42; 0.248;281.50; 76.32; 52.28; 64.30;
2004;43; 0.225;279.49; 76.63; 46.91; 61.77;
2004;44; 0.195;276.71; 72.85; 40.97; 56.91;
2004;45; 0.159;272.50; 63.29; 50.10; 56.70;
2004;46; 0.125;267.68; 53.33; 61.01; 57.17;
2004;47; 0.106;264.72; 51.98; 60.11; 56.05;
2004;48; 0.093;262.94; 50.46; 58.14; 54.30;
2004;49; 0.084;262.03; 47.48; 53.87; 50.67;
2004;50; 0.079;261.53; 50.72; 49.49; 50.10;
2004;51; 0.081;261.96; 58.98; 41.51; 50.25;
2004;52; 0.082;261.88; 63.82; 37.91; 50.87;
2005; 1; 0.078;260.69; 64.65; 38.71; 51.68;
2005; 2; 0.075;260.04; 61.66; 40.11; 50.88;
2005; 3; 0.070;258.67; 56.29; 45.80; 51.05;
2005; 4; 0.065;256.83; 50.94; 54.45; 52.69;
2005; 5; 0.056;254.34; 40.71; 67.11; 53.91;
2005; 6; 0.050;252.91; 31.58; 77.44; 54.51;
2005; 7; 0.047;253.06; 26.15; 82.63; 54.39;
2005; 8; 0.048;254.87; 24.08; 82.77; 53.42;
2005; 9; 0.053;256.71; 24.37; 82.48; 53.42;
2005;10; 0.060;259.66; 23.95; 81.08; 52.52;
2005;11; 0.076;263.95; 26.59; 75.34; 50.96;
2005;12; 0.100;269.38; 31.57; 67.89; 49.73;
2005;13; 0.129;274.37; 37.81; 63.11; 50.46;
2005;14; 0.159;279.08; 41.91; 57.58; 49.75;
2005;15; 0.185;283.11; 41.63; 54.58; 48.10;
2005;16; 0.212;285.59; 39.68; 59.28; 49.48;
2005;17;-1.000; -1.00; -1.00; -1.00; -1.00;
2005;18; 0.288;288.70; 43.05; 74.26; 58.65;
2005;19; 0.334;290.32; 49.15; 76.03; 62.59;
2005;20; 0.375;293.57; 54.42; 58.41; 56.41;
2005;21; 0.419;293.46; 66.21; 66.85; 66.53;
2005;22; 0.446;293.98; 72.67; 64.91; 68.79;
2005;23; 0.462;294.06; 75.94; 65.85; 70.90;
2005;24; 0.472;294.44; 78.39; 64.01; 71.20;
2005;25; 0.474;294.55; 77.98; 65.61; 71.79;
2005;26; 0.474;294.90; 76.71; 62.93; 69.82;
2005;27; 0.474;295.71; 77.96; 56.39; 67.18;
2005;28; 0.467;296.20; 76.35; 53.02; 64.68;
2005;29; 0.451;296.14; 70.31; 56.19; 63.25;
2005;30; 0.442;296.47; 69.00; 55.04; 62.02;
2005;31; 0.434;296.50; 67.34; 54.66; 61.00;
2005;32; 0.430;296.62; 68.58; 50.40; 59.49;
2005;33; 0.424;296.73; 69.58; 42.00; 55.79;
2005;34; 0.416;296.65; 71.80; 32.27; 52.04;
2005;35; 0.406;296.30; 74.95; 22.90; 48.92;
2005;36; 0.394;295.71; 78.60; 15.54; 47.07;
2005;37; 0.378;294.83; 82.95; 11.16; 47.06;
2005;38; 0.357;293.51; 82.91;  7.08; 45.00;
2005;39; 0.330;291.79; 80.49;  5.21; 42.85;
2005;40; 0.307;289.29; 80.88;  8.54; 44.71;
2005;41; 0.280;286.75; 80.09; 11.77; 45.93;
2005;42; 0.251;284.17; 76.75; 19.50; 48.13;
2005;43; 0.218;281.71; 71.67; 24.06; 47.86;
2005;44; 0.186;278.94; 66.33; 20.39; 43.36;
2005;45; 0.153;275.66; 58.80; 26.72; 42.76;
2005;46; 0.125;272.52; 52.81; 31.97; 42.39;
2005;47; 0.104;269.61; 49.19; 35.83; 42.51;
2005;48; 0.088;266.93; 44.75; 41.17; 42.96;
2005;49; 0.077;264.76; 40.78; 43.36; 42.07;
2005;50; 0.073;263.76; 43.76; 41.17; 42.47;
2005;51; 0.071;263.12; 46.75; 37.20; 41.97;
2005;52; 0.068;262.26; 47.48; 36.42; 41.95;
2006; 1; 0.065;260.09; 48.43; 40.73; 44.58;
2006; 2; 0.065;258.79; 48.96; 45.03; 47.00;
2006; 3; 0.064;258.53; 48.30; 47.35; 47.83;
2006; 4; 0.061;257.73; 46.05; 52.79; 49.42;
2006; 5; 0.057;257.40; 40.92; 58.69; 49.80;
2006; 6; 0.052;257.78; 33.11; 63.30; 48.21;
2006; 7; 0.050;258.86; 27.88; 64.87; 46.38;
2006; 8; 0.050;260.14; 25.03; 65.69; 45.36;
2006; 9; 0.050;260.79; 22.49; 69.00; 45.74;
2006;10; 0.054;262.67; 20.09; 70.02; 45.05;
2006;11; 0.062;266.20; 19.30; 65.13; 42.22;
2006;12; 0.074;270.23; 18.48; 62.25; 40.36;
2006;13; 0.094;274.90; 19.28; 58.04; 38.66;
2006;14; 0.117;279.18; 19.76; 54.89; 37.33;
2006;15; 0.145;283.09; 20.59; 53.37; 36.98;
2006;16; 0.178;286.37; 22.09; 53.15; 37.62;
2006;17; 0.208;288.41; 20.62; 58.61; 39.62;
2006;18; 0.241;290.26; 18.51; 62.69; 40.60;
2006;19; 0.277;291.83; 17.84; 63.54; 40.69;
2006;20; 0.314;292.67; 18.97; 67.40; 43.19;
2006;21; 0.350;293.13; 23.16; 70.43; 46.79;
2006;22; 0.383;293.38; 30.19; 70.83; 50.51;
2006;23; 0.415;293.95; 43.15; 67.03; 55.09;
2006;24; 0.445;294.85; 60.16; 60.02; 60.09;
2006;25; 0.467;295.62; 73.73; 54.42; 64.08;
2006;26; 0.484;296.33; 84.36; 47.34; 65.85;
2006;27; 0.491;296.80; 89.78; 44.13; 66.96;
2006;28; 0.485;296.88; 88.95; 45.22; 67.09;
2006;29; 0.479;296.84; 87.23; 48.25; 67.74;
2006;30; 0.469;296.66; 84.58; 53.03; 68.81;
2006;31; 0.458;296.45; 81.10; 55.24; 68.17;
2006;32; 0.442;296.16; 76.25; 55.62; 65.93;
2006;33; 0.420;295.44; 68.46; 57.18; 62.82;
2006;34; 0.401;294.65; 64.36; 57.40; 60.88;
2006;35; 0.391;293.96; 68.18; 52.77; 60.47;
2006;36; 0.380;293.24; 72.87; 45.82; 59.35;
2006;37; 0.366;292.49; 78.36; 37.85; 58.11;
2006;38; 0.350;291.22; 81.46; 32.13; 56.80;
2006;39; 0.334;289.87; 84.33; 23.92; 54.13;
2006;40; 0.313;288.05; 86.88; 21.71; 54.30;
2006;41; 0.282;285.83; 83.60; 22.77; 53.19;
2006;42; 0.258;283.89; 82.94; 22.65; 52.80;
2006;43; 0.234;281.68; 83.15; 24.42; 53.78;
2006;44; 0.202;279.41; 77.92; 15.98; 46.95;
2006;45; 0.167;277.37; 69.06; 13.77; 41.41;
2006;46; 0.136;275.77; 61.97; 12.12; 37.05;
2006;47; 0.121;275.30; 65.51;  6.10; 35.81;
2006;48; 0.119;275.52; 74.65;  2.20; 38.43;
2006;49; 0.116;275.25; 77.43;  1.08; 39.25;
2006;50; 0.114;274.34; 85.05;  0.86; 42.96;
2006;51; 0.111;272.77; 88.09;  1.24; 44.66;
2006;52; 0.108;272.10; 91.14;  1.08; 46.11;
2007; 1; 0.104;271.00; 93.46;  1.30; 47.38;
2007; 2; 0.097;269.52; 85.53;  4.51; 45.02;
2007; 3; 0.092;268.61; 78.81;  8.18; 43.49;
2007; 4; 0.087;267.58; 73.29; 14.49; 43.89;
2007; 5; 0.080;266.70; 62.77; 23.52; 43.15;
2007; 6; 0.075;266.28; 52.71; 31.86; 42.28;
2007; 7; 0.076;266.71; 46.88; 35.93; 41.41;
2007; 8; 0.084;269.04; 47.41; 33.32; 40.37;
2007; 9; 0.101;272.38; 52.41; 27.63; 40.02;
2007;10; 0.126;276.38; 60.03; 20.35; 40.19;
2007;11; 0.153;279.53; 66.84; 13.57; 40.21;
2007;12; 0.176;281.98; 70.55; 15.23; 42.89;
2007;13; 0.200;284.84; 75.25; 13.25; 44.25;
2007;14; 0.228;287.32; 79.48;  9.72; 44.60;
2007;15; 0.252;288.98; 78.58; 13.95; 46.26;
2007;16; 0.282;290.74; 76.63; 20.78; 48.70;
2007;17; 0.314;292.78; 74.65; 21.77; 48.21;
2007;18; 0.345;294.73; 73.29; 19.73; 46.51;
2007;19; 0.372;296.35; 70.87; 18.41; 44.64;
2007;20; 0.397;297.37; 67.27; 20.50; 43.89;
2007;21; 0.418;298.06; 65.86; 21.60; 43.73;
2007;22; 0.433;298.63; 63.76; 19.93; 41.85;
2007;23; 0.441;298.89; 60.81; 19.91; 40.36;
2007;24; 0.443;298.65; 57.32; 23.32; 40.32;
2007;25; 0.441;298.26; 53.63; 27.68; 40.66;
2007;26; 0.438;298.35; 51.25; 26.26; 38.75;
2007;27; 0.434;298.74; 50.00; 23.54; 36.77;
2007;28; 0.428;298.74; 51.08; 24.87; 37.98;
2007;29; 0.423;298.43; 53.26; 30.38; 41.82;
2007;30; 0.416;298.11; 54.38; 36.92; 45.65;
2007;31; 0.409;297.76; 53.28; 40.88; 47.08;
2007;32; 0.401;297.44; 52.03; 41.37; 46.70;
2007;33; 0.388;296.74; 49.48; 42.10; 45.79;
2007;34; 0.376;295.92; 49.58; 41.50; 45.54;
2007;35; 0.363;295.08; 52.41; 38.22; 45.32;
2007;36; 0.351;293.91; 57.03; 37.03; 47.03;
2007;37; 0.334;292.57; 61.31; 36.85; 49.08;
2007;38; 0.318;291.24; 63.89; 32.34; 48.11;
2007;39; 0.295;289.50; 62.49; 30.05; 46.27;
2007;40; 0.273;287.72; 62.15; 27.00; 44.57;
2007;41; 0.247;285.19; 60.49; 31.73; 46.11;
2007;42; 0.212;281.54; 52.68; 51.56; 52.12;
2007;43; 0.173;277.43; 42.42; 67.07; 54.75;
2007;44; 0.141;273.52; 36.21; 68.98; 52.60;
2007;45; 0.115;269.67; 30.30; 70.31; 50.31;
2007;46; 0.092;266.32; 25.03; 70.00; 47.52;
2007;47; 0.071;263.02; 19.30; 70.50; 44.90;
2007;48; 0.059;260.85; 17.42; 69.25; 43.34;
2007;49; 0.052;259.33; 16.12; 65.96; 41.04;
2007;50; 0.049;258.75; 18.76; 61.11; 39.93;
2007;51; 0.052;259.22; 27.57; 52.74; 40.16;
2007;52; 0.057;260.25; 36.62; 44.47; 40.55;
2008; 1; 0.066;262.47; 50.22; 32.52; 41.37;
2008; 2; 0.080;264.88; 66.72; 21.95; 44.34;
2008; 3; 0.093;266.78; 79.13; 14.98; 47.05;
2008; 4; 0.102;268.96; 86.75;  8.94; 47.85;
2008; 5; 0.111;270.97; 89.96;  7.16; 48.56;
2008; 6; 0.123;272.82; 89.87;  7.20; 48.53;
2008; 7; 0.133;274.63; 87.14;  5.91; 46.53;
2008; 8; 0.140;276.25; 83.02;  5.88; 44.45;
2008; 9; 0.147;277.98; 79.36;  6.42; 42.89;
2008;10; 0.155;279.31; 75.49;  8.97; 42.23;
2008;11; 0.166;280.66; 73.64;  8.87; 41.25;
2008;12; 0.179;281.98; 71.92; 14.96; 43.44;
2008;13; 0.200;283.67; 75.19; 18.34; 46.76;
2008;14; 0.232;285.86; 81.17; 17.47; 49.32;
2008;15; 0.272;287.60; 87.80; 22.60; 55.20;
2008;16; 0.315;288.96; 92.99; 33.30; 63.14;
2008;17; 0.353;290.26; 93.89; 42.25; 68.07;
2008;18; 0.382;291.16; 92.10; 53.66; 72.88;
2008;19; 0.409;292.17; 90.58; 59.87; 75.22;
2008;20; 0.425;292.87; 83.08; 65.01; 74.04;
2008;21; 0.442;293.75; 80.58; 63.96; 72.27;
2008;22; 0.457;294.72; 80.36; 57.32; 68.84;
2008;23; 0.468;295.47; 80.98; 51.81; 66.40;
2008;24; 0.480;296.18; 84.45; 46.46; 65.46;
2008;25; 0.484;296.59; 84.86; 44.22; 64.54;
2008;26; 0.483;297.14; 82.58; 38.69; 60.63;
2008;27; 0.476;297.70; 79.02; 34.51; 56.77;
2008;28; 0.465;297.92; 74.67; 33.80; 54.24;
2008;29; 0.455;298.40; 72.18; 30.77; 51.48;
2008;30; 0.442;298.89; 68.13; 28.76; 48.44;
2008;31; 0.420;297.92; 58.99; 39.44; 49.22;
2008;32; 0.403;297.59; 52.46; 40.01; 46.23;
2008;33; 0.382;298.30; 44.77; 24.00; 34.39;
2008;34; 0.356;297.77; 37.09; 18.44; 27.77;
2008;35; 0.325;296.42; 29.53; 21.14; 25.34;
2008;36; 0.288;294.30; 22.42; 32.26; 27.34;
2008;37; 0.251;291.89; 17.13; 45.77; 31.45;
2008;38; 0.230;290.12; 16.60; 47.33; 31.97;
2008;39; 0.222;288.82; 20.85; 39.32; 30.09;
2008;40; 0.221;287.52; 30.21; 29.31; 29.76;
2008;41; 0.217;286.23; 41.14; 17.12; 29.13;
2008;42; 0.213;285.47; 53.50;  3.49; 28.49;
2008;43; 0.204;284.00; 63.02;  0.87; 31.95;
2008;44; 0.186;280.63; 66.70;  5.01; 35.86;
2008;45; 0.170;278.01; 71.29;  9.26; 40.27;
2008;46; 0.150;276.39; 74.02;  8.39; 41.21;
2008;47; 0.127;273.42; 71.38; 15.76; 43.57;
2008;48; 0.103;269.52; 60.00; 29.39; 44.70;
2008;49; 0.082;265.73; 46.76; 39.66; 43.21;
2008;50; 0.067;262.59; 38.57; 46.06; 42.32;
2008;51; 0.059;260.21; 35.42; 48.57; 41.99;
2008;52; 0.055;258.51; 35.57; 50.31; 42.94;
2009; 1; 0.051;257.18; 32.99; 51.37; 42.18;
2009; 2; 0.048;257.24; 30.40; 50.60; 40.50;
2009; 3; 0.049;258.74; 33.91; 46.03; 39.97;
2009; 4; 0.049;260.06; 35.18; 43.07; 39.12;
2009; 5; 0.049;260.86; 34.06; 45.05; 39.55;
2009; 6; 0.054;262.19; 34.90; 46.60; 40.75;
2009; 7; 0.061;264.58; 36.08; 43.54; 39.81;
2009; 8; 0.068;266.74; 36.77; 41.68; 39.22;
2009; 9; 0.078;268.64; 39.38; 41.40; 40.39;
2009;10; 0.092;271.11; 41.71; 40.51; 41.11;
2009;11; 0.114;274.92; 46.44; 32.57; 39.50;
2009;12; 0.142;279.13; 53.05; 27.40; 40.23;
2009;13; 0.177;283.30; 62.96; 20.59; 41.77;
2009;14; 0.214;286.96; 71.92; 11.75; 41.84;
2009;15; 0.247;290.12; 75.36;  6.27; 40.82;
2009;16; 0.278;292.81; 74.08;  5.37; 39.73;
2009;17; 0.304;294.39; 69.72;  8.19; 38.95;
2009;18; 0.330;295.33; 65.43; 14.05; 39.74;
2009;19; 0.359;296.80; 63.10; 14.10; 38.60;
2009;20; 0.388;297.91; 61.24; 14.96; 38.10;
2009;21; 0.412;298.31; 61.56; 18.70; 40.13;
2009;22; 0.434;298.71; 64.46; 18.63; 41.54;
2009;23; 0.452;299.43; 68.76; 14.24; 41.50;
2009;24; 0.462;299.98; 70.99; 10.13; 40.56;
2009;25; 0.465;299.99; 71.17;  9.68; 40.43;
2009;26; 0.465;299.89; 69.72;  9.71; 39.72;
2009;27; 0.464;299.92; 70.84; 10.53; 40.68;
2009;28; 0.452;299.43; 66.64; 16.91; 41.78;
2009;29; 0.438;298.89; 61.95; 25.09; 43.52;
2009;30; 0.426;298.55; 59.70; 32.38; 46.04;
2009;31; 0.414;298.45; 55.92; 33.51; 44.71;
2009;32; 0.401;298.19; 51.43; 33.13; 42.28;
2009;33; 0.385;297.90; 46.27; 28.55; 37.41;
2009;34; 0.364;297.70; 41.11; 19.24; 30.18;
2009;35; 0.341;297.29; 38.27; 10.06; 24.16;
2009;36; 0.318;296.46; 37.98;  4.97; 21.48;
2009;37; 0.294;295.11; 39.24;  4.99; 22.11;
2009;38; 0.270;292.88; 37.53; 10.18; 23.85;
2009;39; 0.245;290.41; 33.39; 16.50; 24.94;
2009;40; 0.221;288.59; 29.80; 14.22; 22.01;
2009;41; 0.192;286.26; 24.25; 16.84; 20.55;
2009;42; 0.165;283.24; 21.48; 30.37; 25.92;
2009;43; 0.142;280.03; 22.03; 40.97; 31.50;
2009;44; 0.120;276.75; 21.74; 40.38; 31.06;
2009;45; 0.102;273.81; 20.15; 40.59; 30.37;
2009;46; 0.090;271.07; 22.60; 41.40; 32.00;
2009;47; 0.079;267.39; 25.87; 47.74; 36.80;
2009;48; 0.072;263.82; 29.47; 55.44; 42.45;
2009;49; 0.068;260.07; 31.19; 62.44; 46.82;
2009;50; 0.064;255.94; 33.73; 71.28; 52.50;
2009;51; 0.057;251.71; 32.85; 80.17; 56.51;
2009;52; 0.052;249.07; 31.67; 84.19; 57.93;
2010; 1; 0.040;250.55; 20.15; 74.69; 47.42;
2010; 2; 0.037;250.35; 18.08; 75.85; 46.97;
2010; 3; 0.033;248.65; 17.54; 82.47; 50.00;
2010; 4; 0.031;247.07; 17.57; 87.53; 52.55;
2010; 5; 0.030;246.36; 16.74; 90.03; 53.38;
2010; 6; 0.030;246.93; 15.50; 90.21; 52.85;
2010; 7; 0.029;248.22; 13.10; 89.35; 51.23;
2010; 8; 0.030;250.72; 12.27; 87.43; 49.85;
2010; 9; 0.035;254.64; 14.17; 83.11; 48.64;
2010;10; 0.046;259.90; 16.17; 77.04; 46.61;
2010;11; 0.062;265.66; 19.55; 67.85; 43.70;
2010;12; 0.082;272.10; 22.52; 55.87; 39.20;
2010;13; 0.105;277.89; 25.59; 45.11; 35.35;
2010;14; 0.134;283.09; 28.69; 32.95; 30.82;
2010;15; 0.164;287.31; 30.36; 24.88; 27.62;
2010;16; 0.197;290.14; 31.95; 25.02; 28.49;
2010;17; 0.234;292.12; 33.80; 27.21; 30.50;
2010;18; 0.267;293.99; 31.83; 27.04; 29.44;
2010;19; 0.302;295.54; 31.27; 26.75; 29.01;
2010;20; 0.338;296.34; 32.55; 30.66; 31.60;
2010;21; 0.375;297.01; 38.06; 31.52; 34.79;
2010;22; 0.406;297.57; 45.08; 29.59; 37.34;
2010;23; 0.427;297.94; 50.36; 28.07; 39.22;
2010;24; 0.440;298.32; 55.25; 25.67; 40.46;
2010;25; 0.446;298.61; 58.15; 23.59; 40.87;
2010;26; 0.450;298.99; 59.87; 19.47; 39.67;
2010;27; 0.457;299.64; 65.65; 14.71; 40.18;
2010;28; 0.455;300.12; 68.21; 11.58; 39.89;
2010;29; 0.449;300.80; 68.74;  7.66; 38.20;
2010;30; 0.443;301.71; 68.72;  4.25; 36.49;
2010;31; 0.421;301.77; 59.83;  4.29; 32.06;
2010;32; 0.399;301.31; 50.61;  5.18; 27.90;
2010;33; 0.378;300.18; 42.60;  7.55; 25.08;
2010;34; 0.361;298.59; 40.34; 11.73; 26.04;
2010;35; 0.349;296.81; 43.50; 17.52; 30.51;
2010;36; 0.330;294.54; 45.08; 29.47; 37.28;
2010;37; 0.314;292.78; 50.32; 34.46; 42.39;
2010;38; 0.296;291.10; 51.81; 34.03; 42.92;
2010;39; 0.275;289.24; 50.75; 33.45; 42.10;
2010;40; 0.250;286.74; 48.34; 40.77; 44.55;
2010;41; 0.223;284.02; 45.13; 47.87; 46.50;
2010;42; 0.200;282.53; 44.91; 39.52; 42.22;
2010;43; 0.185;281.67; 50.07; 24.53; 37.30;
2010;44; 0.164;279.86; 50.62; 12.56; 31.59;
2010;45; 0.144;277.49; 50.55; 13.62; 32.09;
2010;46; 0.121;273.58; 48.19; 25.63; 36.91;
2010;47; 0.101;268.39; 46.28; 42.30; 44.29;
2010;48; 0.085;263.89; 41.94; 54.97; 48.45;
2010;49; 0.071;259.82; 34.52; 62.92; 48.72;
2010;50; 0.063;257.10; 32.52; 65.94; 49.23;
2010;51; 0.056;255.60; 30.95; 64.80; 47.87;
2010;52; 0.052;255.06; 31.49; 61.96; 46.72;
2011; 1; 0.047;255.10; 28.93; 58.36; 43.65;
2011; 2; 0.043;256.04; 25.92; 54.98; 40.45;
2011; 3; 0.045;258.26; 29.47; 47.98; 38.72;
2011; 4; 0.049;260.36; 34.79; 42.30; 38.54;
2011; 5; 0.052;262.11; 36.27; 40.76; 38.51;
2011; 6; 0.055;263.74; 36.17; 41.30; 38.73;
2011; 7; 0.065;265.57; 38.48; 40.25; 39.36;
2011; 8; 0.074;267.67; 40.29; 38.58; 39.43;
2011; 9; 0.087;270.54; 44.09; 34.75; 39.42;
2011;10; 0.103;273.81; 47.22; 30.35; 38.78;
2011;11; 0.121;276.83; 50.19; 24.82; 37.50;
2011;12; 0.144;279.68; 54.47; 24.97; 39.72;
2011;13; 0.166;282.35; 57.34; 24.83; 41.08;
2011;14; 0.185;284.63; 56.53; 24.62; 40.57;
2011;15; 0.207;287.51; 54.37; 23.25; 38.81;
2011;16; 0.232;290.65; 50.25; 20.47; 35.36;
2011;17; 0.261;293.32; 47.51; 16.15; 31.83;
2011;18; 0.292;295.32; 45.03; 13.50; 29.26;
2011;19; 0.328;296.51; 45.31; 16.36; 30.84;
2011;20; 0.365;297.49; 47.57; 18.64; 33.10;
2011;21; 0.399;298.45; 52.99; 16.86; 34.92;
2011;22; 0.425;299.11; 57.30; 14.32; 35.81;
2011;23; 0.439;299.29; 58.80; 15.04; 36.92;
2011;24; 0.441;298.62; 55.91; 22.73; 39.32;
2011;25; 0.445;297.97; 57.45; 29.87; 43.66;
2011;26; 0.455;297.72; 63.80; 32.30; 48.05;
2011;27; 0.463;297.32; 70.60; 38.53; 54.57;
2011;28; 0.473;297.14; 80.62; 42.44; 61.53;
2011;29; 0.478;296.96; 86.21; 46.98; 66.59;
2011;30; 0.481;296.68; 89.98; 52.97; 71.48;
2011;31; 0.481;296.48; 92.57; 55.15; 73.86;
2011;32; 0.475;296.08; 93.66; 56.80; 75.23;
2011;33; 0.468;295.87; 95.48; 52.43; 73.95;
2011;34; 0.459;295.91; 96.23; 41.63; 68.93;
2011;35; 0.444;295.71; 96.19; 29.97; 63.08;
2011;36; 0.424;295.15; 95.58; 20.91; 58.25;
2011;37; 0.395;293.95; 93.05; 19.04; 56.05;
2011;38; 0.368;292.49; 90.31; 15.00; 52.66;
2011;39; 0.341;290.69; 88.16; 12.59; 50.37;
2011;40; 0.307;288.34; 83.09; 17.95; 50.52;
2011;41; 0.277;286.07; 79.89; 19.52; 49.71;
2011;42; 0.251;284.02; 77.84; 21.00; 49.42;
2011;43; 0.227;282.13; 77.38; 19.71; 48.54;
2011;44; 0.206;280.40; 79.45;  6.95; 43.20;
2011;45; 0.187;278.68; 81.98;  4.30; 43.14;
2011;46; 0.167;277.07; 85.96;  4.15; 45.06;
2011;47; 0.146;275.48; 85.96;  4.89; 45.42;
2011;48; 0.132;274.27; 84.55;  7.72; 46.13;
2011;49; 0.122;273.09; 81.84;  9.71; 45.77;
2011;50; 0.112;271.99; 81.19;  9.76; 45.48;
2011;51; 0.102;270.53; 77.57;  9.39; 43.48;
2011;52; 0.092;268.67; 72.22; 13.01; 42.61;
2012; 1; 0.078;266.29; 62.64; 17.94; 40.29;
2012; 2; 0.068;263.72; 52.00; 25.90; 38.95;
2012; 3; 0.060;261.19; 44.66; 36.72; 40.69;
2012; 4; 0.053;259.65; 38.55; 45.17; 41.86;
2012; 5; 0.051;259.10; 34.46; 52.17; 43.32;
2012; 6; 0.050;259.37; 30.88; 57.46; 44.17;
2012; 7; 0.048;260.30; 26.09; 59.84; 42.96;
2012; 8; 0.052;262.34; 25.72; 58.25; 41.98;
2012; 9; 0.057;264.69; 26.55; 55.97; 41.26;
2012;10; 0.067;267.77; 27.56; 52.77; 40.16;
2012;11; 0.089;271.79; 33.30; 44.52; 38.91;
2012;12; 0.115;275.90; 39.27; 40.09; 39.68;
2012;13; 0.141;279.87; 44.26; 35.98; 40.12;
2012;14; 0.169;283.57; 47.85; 30.40; 39.13;
2012;15; 0.204;287.03; 52.25; 26.64; 39.44;
2012;16; 0.247;290.05; 57.68; 25.19; 41.43;
2012;17; 0.294;292.83; 64.17; 20.70; 42.44;
2012;18; 0.336;294.73; 67.73; 19.77; 43.75;
2012;19; 0.370;296.00; 68.27; 21.85; 45.06;
2012;20; 0.393;296.51; 63.64; 28.71; 46.17;
2012;21; 0.407;296.40; 57.12; 37.46; 47.29;
2012;22; 0.445;297.40; 70.17; 31.21; 50.69;
2012;23; 0.462;297.83; 74.23; 29.33; 51.78;
2012;24; 0.472;298.08; 76.98; 28.27; 52.62;
2012;25; 0.479;298.36; 79.79; 26.13; 52.96;
2012;26; 0.483;298.50; 80.73; 24.33; 52.53;
2012;27; 0.477;298.97; 78.40; 20.93; 49.66;
2012;28; 0.476;299.24; 80.09; 19.56; 49.83;
2012;29; 0.465;299.16; 77.19; 22.65; 49.92;
2012;30; 0.457;298.99; 76.00; 27.93; 51.97;
2012;31; 0.447;298.74; 73.80; 30.71; 52.25;
2012;32; 0.436;298.20; 71.65; 33.21; 52.43;
2012;33; 0.424;297.23; 69.63; 36.43; 53.03;
2012;34; 0.410;296.27; 68.25; 37.19; 52.72;
2012;35; 0.395;295.29; 69.41; 35.65; 52.53;
2012;36; 0.386;294.86; 75.20; 25.15; 50.18;
2012;37; 0.372;294.21; 80.21; 17.37; 48.79;
2012;38; 0.348;292.91; 79.42; 12.44; 45.93;
2012;39; 0.323;291.29; 77.10;  8.96; 43.03;
2012;40; 0.299;289.63; 76.87;  6.59; 41.73;
2012;41; 0.273;288.10; 75.92;  3.42; 39.67;
2012;42; 0.242;285.71; 71.15;  6.63; 38.89;
2012;43; 0.214;282.81; 68.01; 13.97; 40.99;
2012;44; 0.189;280.56; 66.98;  7.53; 37.25;
2012;45; 0.168;277.80; 67.17; 11.44; 39.30;
2012;46; 0.147;274.72; 67.87; 18.74; 43.31;
2012;47; 0.123;271.12; 64.28; 27.87; 46.08;
2012;48; 0.098;266.07; 52.65; 45.24; 48.94;
2012;49; 0.075;259.81; 38.15; 63.25; 50.70;
2012;50; 0.059;254.45; 28.91; 75.21; 52.06;
2012;51; 0.046;251.34; 20.83; 78.95; 49.89;
2012;52; 0.040;250.99; 17.50; 75.96; 46.73;
2013; 1; 0.041;252.92; 20.12; 66.80; 43.46;
2013; 2; 0.039;251.96; 20.33; 70.06; 45.19;
2013; 3; 0.038;250.42; 23.12; 76.17; 49.65;
2013; 4; 0.039;250.71; 26.12; 77.04; 51.58;
2013; 5; 0.042;253.01; 28.34; 73.41; 50.87;
2013; 6; 0.044;254.96; 27.79; 72.46; 50.13;
2013; 7; 0.048;257.69; 27.14; 68.59; 47.86;
2013; 8; 0.055;260.90; 28.39; 63.20; 45.80;
2013; 9; 0.064;263.52; 30.39; 60.38; 45.39;
2013;10; 0.071;265.61; 29.23; 61.54; 45.38;
2013;11; 0.080;267.47; 27.85; 63.79; 45.82;
2013;12; 0.094;270.09; 27.65; 65.35; 46.50;
2013;13; 0.113;273.84; 28.21; 65.03; 46.62;
2013;14; 0.141;278.09; 30.48; 63.08; 46.78;
2013;15; 0.180;283.06; 37.14; 55.84; 46.49;
2013;16; 0.223;287.71; 43.94; 44.55; 44.25;
2013;17; 0.268;291.42; 49.92; 34.78; 42.35;
2013;18; 0.312;293.81; 54.57; 30.92; 42.74;
2013;19; 0.348;295.19; 55.45; 31.61; 43.53;
2013;20; 0.381;296.17; 56.27; 33.41; 44.84;
2013;21; 0.411;296.99; 59.38; 33.09; 46.23;
2013;22; 0.435;297.44; 62.33; 32.30; 47.32;
2013;23; 0.457;297.72; 68.05; 32.28; 50.16;
2013;24; 0.475;297.93; 74.59; 31.54; 53.06;
2013;25; 0.484;298.15; 77.99; 30.34; 54.17;
2013;26; 0.484;298.19; 76.83; 30.14; 53.48;
2013;27; 0.482;298.07; 75.82; 32.88; 54.35;
2013;28; 0.477;297.82; 75.00; 37.37; 56.19;
2013;29; 0.472;297.78; 75.53; 39.93; 57.73;
2013;30; 0.464;297.97; 75.53; 40.73; 58.13;
2013;31; 0.449;297.86; 71.62; 42.45; 57.04;
2013;32; 0.430;297.45; 65.92; 44.59; 55.26;
2013;33; 0.408;296.65; 59.06; 47.66; 53.36;
2013;34; 0.379;295.24; 50.21; 55.38; 52.80;
2013;35; 0.343;292.86; 40.31; 70.32; 55.31;
2013;36; 0.305;290.52; 32.92; 80.62; 56.77;
2013;37; 0.274;288.55; 30.79; 84.44; 57.62;
2013;38; 0.253;286.81; 30.78; 86.59; 58.68;
2013;39; 0.236;285.45; 30.82; 84.30; 57.56;
2013;40; 0.219;283.70; 31.60; 80.62; 56.11;
2013;41; 0.200;282.35; 32.82; 67.77; 50.30;
2013;42; 0.186;281.42; 38.68; 46.22; 42.45;
2013;43; 0.167;280.52; 41.46; 29.68; 35.57;
2013;44; 0.148;279.31; 42.47; 16.77; 29.62;
2013;45; 0.140;278.08; 49.29; 11.02; 30.16;
2013;46; 0.129;275.31; 55.11; 14.95; 35.03;
2013;47; 0.118;272.55; 60.30; 19.31; 39.78;
2013;48; 0.106;270.13; 60.55; 25.74; 43.12;
2013;49; 0.093;268.06; 55.11; 29.51; 42.29;
2013;50; 0.088;266.34; 57.13; 30.70; 43.92;
2013;51; 0.080;264.54; 54.72; 31.01; 42.86;
2013;52; 0.076;263.77; 54.72; 30.45; 42.59;
2014; 1; 0.072;262.54; 54.02; 31.72; 42.87;
2014; 2; 0.070;259.95; 52.76; 39.89; 46.33;
2014; 3; 0.070;257.99; 54.13; 47.55; 50.84;
2014; 4; 0.075;258.51; 59.28; 47.75; 53.52;
2014; 5; 0.082;261.24; 62.98; 42.81; 52.89;
2014; 6; 0.092;265.42; 64.75; 33.94; 49.34;
2014; 7; 0.105;269.83; 66.86; 23.34; 45.10;
2014; 8; 0.124;274.41; 71.63; 12.64; 42.14;
2014; 9; 0.147;278.20; 77.52;  6.20; 41.86;
2014;10; 0.168;281.38; 80.64;  3.17; 41.91;
2014;11; 0.185;283.88; 80.87;  1.19; 41.03;
2014;12; 0.203;285.84; 81.15;  2.63; 41.89;
2014;13; 0.218;287.30; 81.05;  4.50; 42.78;
2014;14; 0.235;288.54; 80.14;  5.97; 43.05;
2014;15; 0.258;289.62; 78.37; 11.75; 45.06;
2014;16; 0.284;290.95; 75.36; 20.34; 47.85;
2014;17; 0.315;292.19; 73.54; 28.64; 51.09;
2014;18; 0.344;293.12; 70.92; 37.46; 54.19;
2014;19; 0.373;294.22; 69.00; 40.99; 55.00;
2014;20; 0.399;294.68; 66.40; 47.83; 57.12;
2014;21; 0.422;294.78; 66.12; 54.66; 60.39;
2014;22; 0.442;294.99; 67.33; 55.73; 61.53;
2014;23; 0.466;295.79; 74.58; 50.45; 62.52;
2014;24; 0.482;296.10; 80.27; 49.15; 64.71;
2014;25; 0.491;296.27; 83.07; 49.47; 66.27;
2014;26; 0.491;296.26; 81.76; 50.34; 66.05;
2014;27; 0.490;296.59; 80.96; 48.82; 64.89;
2014;28; 0.487;296.93; 80.90; 47.35; 64.12;
2014;29; 0.482;297.25; 81.39; 46.00; 63.69;
2014;30; 0.475;297.58; 81.18; 45.00; 63.09;
2014;31; 0.463;297.65; 78.64; 44.64; 61.64;
2014;32; 0.448;297.47; 75.39; 44.37; 59.88;
2014;33; 0.429;296.92; 70.79; 44.77; 57.78;
2014;34; 0.408;296.23; 66.27; 44.12; 55.19;
2014;35; 0.386;295.26; 64.07; 42.64; 53.36;
2014;36; 0.366;294.17; 64.86; 39.63; 52.24;
2014;37; 0.348;293.14; 68.05; 33.08; 50.57;
2014;38; 0.328;291.74; 68.67; 28.19; 48.43;
2014;39; 0.303;289.78; 66.41; 29.40; 47.91;
2014;40; 0.277;287.44; 64.54; 34.24; 49.39;
2014;41; 0.252;284.85; 64.03; 39.20; 51.61;
2014;42; 0.221;282.38; 60.28; 37.05; 48.67;
2014;43; 0.192;280.60; 57.03; 29.45; 43.24;
2014;44; 0.164;278.70; 52.99; 21.74; 37.36;
2014;45; 0.145;275.66; 52.93; 26.52; 39.73;
2014;46; 0.123;271.95; 50.30; 33.54; 41.92;
2014;47; 0.102;269.31; 45.74; 35.30; 40.51;
2014;48; 0.088;266.95; 42.95; 39.91; 41.43;
2014;49; 0.079;264.55; 40.49; 43.76; 42.12;
2014;50; 0.077;262.51; 44.78; 45.15; 44.96;
2014;51; 0.075;261.65; 47.98; 41.53; 44.75;
2014;52; 0.072;261.47; 49.78; 38.57; 44.17;
2015; 1; 0.073;261.26; 53.96; 36.12; 45.04;
2015; 2; 0.072;259.95; 54.52; 39.45; 46.99;
2015; 3; 0.070;259.11; 53.65; 42.78; 48.21;
2015; 4; 0.071;260.06; 54.60; 41.39; 48.00;
2015; 5; 0.073;262.10; 54.03; 39.27; 46.65;
2015; 6; 0.077;264.34; 52.13; 37.92; 45.02;
2015; 7; 0.084;267.42; 51.70; 32.63; 42.16;
2015; 8; 0.098;271.52; 54.85; 23.85; 39.35;
2015; 9; 0.116;275.25; 60.02; 17.41; 38.71;
2015;10; 0.136;278.62; 63.40; 13.69; 38.54;
2015;11; 0.155;281.29; 65.40; 11.19; 38.29;
2015;12; 0.173;283.33; 66.49; 12.62; 39.55;
2015;13; 0.189;285.25; 66.33; 13.64; 39.99;
2015;14; 0.207;287.30; 65.62; 12.67; 39.15;
2015;15; 0.232;289.45; 64.62; 12.86; 38.74;
2015;16; 0.260;291.73; 62.76; 14.47; 38.62;
2015;17; 0.294;293.90; 62.58; 14.23; 38.41;
2015;18; 0.327;295.38; 61.99; 16.44; 39.22;
2015;19; 0.357;296.33; 60.05; 20.50; 40.27;
2015;20; 0.388;297.34; 59.98; 21.72; 40.85;
2015;21; 0.418;298.49; 63.17; 18.40; 40.78;
2015;22; 0.439;299.06; 65.06; 16.78; 40.92;
2015;23; 0.460;299.63; 70.48; 14.36; 42.42;
2015;24; 0.475;299.61; 74.79; 15.66; 45.23;
2015;25; 0.481;299.47; 75.69; 17.42; 46.55;
2015;26; 0.479;299.36; 72.98; 18.42; 45.70;
2015;27; 0.475;299.30; 70.47; 20.50; 45.48;
2015;28; 0.470;299.41; 69.47; 20.92; 45.20;
2015;29; 0.463;299.56; 69.76; 21.02; 45.39;
2015;30; 0.455;299.86; 69.78; 20.83; 45.30;
2015;31; 0.444;300.16; 67.94; 18.40; 43.17;
2015;32; 0.426;300.22; 62.72; 15.46; 39.09;
2015;33; 0.407;299.96; 57.39; 12.25; 34.82;
2015;34; 0.383;299.17; 51.64; 11.31; 31.48;
2015;35; 0.357;297.96; 47.53; 11.93; 29.73;
2015;36; 0.332;296.63; 46.76; 12.45; 29.60;
2015;37; 0.314;295.00; 50.15; 12.86; 31.51;
2015;38; 0.297;292.96; 52.68; 14.45; 33.56;
2015;39; 0.277;290.73; 52.45; 17.96; 35.20;
2015;40; 0.256;288.37; 52.35; 23.21; 37.78;
2015;41; 0.230;285.48; 50.15; 32.36; 41.25;
2015;42; 0.195;282.39; 43.98; 37.36; 40.67;
2015;43; 0.161;279.10; 37.62; 42.03; 39.83;
2015;44; 0.131;276.50; 31.67; 37.77; 34.72;
2015;45; 0.108;274.21; 27.48; 35.22; 31.35;
2015;46; 0.095;271.16; 27.72; 37.37; 32.55;
2015;47; 0.087;268.97; 32.63; 36.65; 34.62;
2015;48; 0.085;267.96; 39.76; 35.16; 37.42;
2015;49; 0.081;266.87; 42.66; 34.14; 38.38;
2015;50; 0.080;264.95; 48.31; 35.68; 41.99;
2015;51; 0.076;263.13; 49.51; 35.93; 42.72;
2015;52; 0.072;261.85; 50.56; 37.08; 43.82;
2016; 1; 0.070;260.47; 51.03; 38.78; 44.91;
2016; 2; 0.065;258.16; 47.69; 46.06; 46.88;
2016; 3; 0.065;257.34; 48.91; 49.39; 49.15;
2016; 4; 0.068;258.81; 52.48; 45.84; 49.16;
2016; 5; 0.074;262.12; 54.51; 38.69; 46.60;
2016; 6; 0.080;265.39; 54.14; 33.53; 43.83;
2016; 7; 0.088;268.63; 53.54; 27.68; 40.61;
2016; 8; 0.098;271.58; 54.37; 23.36; 38.86;
2016; 9; 0.107;273.63; 54.43; 23.25; 38.84;
2016;10; 0.117;275.57; 52.94; 24.87; 38.91;
2016;11; 0.153;279.82; 64.60; 16.79; 40.69;
2016;12; 0.172;282.60; 66.22; 15.44; 40.83;
2016;13; 0.191;285.22; 67.83; 13.74; 40.79;
2016;14; 0.211;287.44; 67.81; 11.75; 39.78;
2016;15; 0.238;289.38; 68.08; 13.05; 40.57;
2016;16; 0.270;291.34; 68.43; 17.08; 42.75;
2016;17; 0.300;292.37; 66.09; 26.81; 46.45;
2016;18; 0.324;292.57; 60.59; 42.55; 51.57;
2016;19; 0.349;293.26; 55.85; 50.48; 53.17;
2016;20; 0.374;293.85; 52.24; 56.09; 54.16;
2016;21; 0.397;294.14; 51.05; 60.94; 55.99;
2016;22; 0.419;294.47; 52.19; 60.66; 56.42;
2016;23; 0.442;295.22; 58.14; 55.67; 56.91;
2016;24; 0.461;295.87; 66.01; 51.15; 58.58;
2016;25; 0.475;296.50; 72.53; 47.15; 59.84;
2016;26; 0.479;296.85; 73.76; 44.26; 59.01;
2016;27; 0.481;297.49; 75.33; 39.43; 57.38;
2016;28; 0.482;298.09; 77.61; 34.97; 56.29;
2016;29; 0.477;298.31; 78.25; 34.50; 56.38;
2016;30; 0.468;298.40; 77.18; 36.18; 56.68;
2016;31; 0.456;298.62; 74.67; 34.23; 54.45;
2016;32; 0.440;298.73; 71.18; 30.86; 51.02;
2016;33; 0.422;298.67; 66.84; 25.75; 46.29;
2016;34; 0.399;298.18; 61.50; 22.02; 41.76;
2016;35; 0.374;297.38; 57.66; 18.16; 37.91;
2016;36; 0.350;296.36; 56.33; 15.02; 35.68;
2016;37; 0.320;294.36; 53.83; 19.61; 36.72;
2016;38; 0.290;291.71; 49.57; 29.06; 39.31;
2016;39; 0.255;288.38; 40.94; 47.82; 44.38;
2016;40; 0.221;284.82; 32.29; 67.55; 49.92;
2016;41; 0.189;281.37; 25.73; 79.59; 52.66;
2016;42; 0.154;276.98; 19.28; 90.36; 54.82;
2016;43; 0.126;273.24; 16.36; 90.28; 53.32;
2016;44; 0.107;270.08; 16.76; 84.86; 50.81;
2016;45; 0.090;266.96; 15.16; 80.58; 47.87;
2016;46; 0.077;263.78; 14.60; 78.37; 46.49;
2016;47; 0.068;261.19; 16.33; 75.59; 45.95;
2016;48; 0.067;260.50; 23.76; 68.73; 46.23;
2016;49; 0.067;260.18; 29.57; 61.50; 45.52;
2016;50; 0.064;258.04; 32.82; 62.10; 47.46;
2016;51; 0.061;257.31; 35.10; 57.72; 46.41;
2016;52; 0.058;257.95; 36.18; 51.53; 43.86;
2017; 1; 0.056;259.01; 37.25; 44.62; 40.93;
2017; 2; 0.055;258.23; 37.56; 46.23; 41.90;
2017; 3; 0.054;256.55; 38.55; 52.76; 45.66;
2017; 4; 0.056;256.67; 41.17; 54.41; 47.79;
2017; 5; 0.060;259.10; 43.06; 50.44; 46.75;
2017; 6; 0.066;262.49; 43.99; 44.57; 44.28;
2017; 7; 0.075;266.65; 45.06; 35.19; 40.12;
2017; 8; 0.088;270.93; 48.70; 25.65; 37.17;
2017; 9; 0.106;274.58; 54.03; 19.45; 36.74;
2017;10; 0.124;278.05; 57.16; 15.38; 36.27;
2017;11; 0.143;281.02; 59.40; 12.02; 35.71;
2017;12; 0.165;283.65; 62.59; 11.26; 36.93;
2017;13; 0.187;286.09; 65.68;  9.79; 37.73;
2017;14; 0.210;288.03; 67.23;  8.62; 37.92;
2017;15; 0.236;289.78; 67.23; 10.80; 39.02;
2017;16; 0.262;291.64; 64.42; 15.57; 40.00;
2017;17; 0.289;292.83; 60.61; 23.97; 42.29;
2017;18; 0.318;294.08; 57.39; 29.21; 43.30;
2017;19; 0.346;295.46; 54.51; 29.69; 42.10;
2017;20; 0.373;296.46; 51.32; 30.94; 41.13;
2017;21; 0.394;297.07; 48.78; 32.69; 40.73;
2017;22; 0.410;297.35; 46.21; 33.52; 39.87;
2017;23; 0.426;298.08; 46.68; 29.18; 37.93;
2017;24; 0.440;298.69; 51.39; 24.65; 38.02;
2017;25; 0.450;298.73; 55.55; 24.92; 40.24;
2017;26; 0.454;298.77; 57.72; 24.54; 41.13;
2017;27; 0.457;298.85; 59.94; 25.01; 42.48;
2017;28; 0.456;298.57; 62.34; 29.66; 46.00;
2017;29; 0.452;298.09; 64.43; 36.61; 50.52;
2017;30; 0.447;297.96; 66.44; 40.56; 53.50;
2017;31; 0.441;298.26; 67.24; 37.89; 52.57;
2017;32; 0.428;298.18; 64.98; 36.50; 50.74;
2017;33; 0.408;297.27; 58.77; 40.69; 49.73;
2017;34; 0.381;296.18; 51.40; 44.44; 47.92;
2017;35; 0.358;295.41; 48.77; 40.80; 44.79;
2017;36; 0.335;294.16; 48.71; 39.96; 44.33;
2017;37; 0.310;291.94; 49.16; 46.94; 48.05;
2017;38; 0.286;289.72; 47.51; 52.65; 50.08;
2017;39; 0.260;287.68; 43.72; 56.57; 50.14;
2017;40; 0.226;284.44; 35.77; 71.80; 53.78;
2017;41; 0.191;281.04; 27.35; 83.29; 55.32;
2017;42; 0.157;277.36; 20.99; 86.78; 53.88;
2017;43; 0.132;274.13; 19.96; 83.22; 51.59;
2017;44; 0.107;270.87; 16.88; 79.57; 48.22;
2017;45; 0.093;268.39; 17.71; 71.99; 44.85;
2017;46; 0.080;265.59; 17.27; 68.62; 42.95;
2017;47; 0.074;263.94; 21.98; 61.80; 41.88;
2017;48; 0.072;262.92; 29.26; 57.65; 43.44;
2017;49; 0.065;260.63; 29.12; 59.30; 44.20;
2017;50; 0.062;258.44; 31.16; 60.05; 45.60;
2017;51; 0.061;258.93; 35.92; 51.05; 43.49;
2017;52; 0.063;260.71; 41.49; 42.44; 41.97;
2018; 1; 0.066;261.32; 47.97; 34.24; 41.10;
2018; 2; 0.067;259.70; 50.38; 37.47; 43.92;
2018; 3; 0.068;258.55; 51.27; 47.07; 49.17;
2018; 4; 0.069;257.63; 52.73; 51.90; 52.31;
2018; 5; 0.066;256.94; 47.98; 57.15; 52.56;
2018; 6; 0.065;258.16; 40.72; 63.47; 52.10;
2018; 7; 0.064;259.82; 35.71; 63.94; 49.82;
2018; 8; 0.067;261.66; 33.39; 62.27; 47.83;
2018; 9; 0.072;263.62; 33.18; 61.05; 47.11;
2018;10; 0.076;265.63; 31.45; 61.06; 46.26;
2018;11; 0.087;268.75; 30.50; 60.18; 45.34;
2018;12; 0.108;273.01; 33.53; 54.77; 44.15;
2018;13; 0.138;278.01; 40.53; 45.16; 42.84;
2018;14; 0.177;283.55; 49.66; 32.45; 41.06;
2018;15; 0.217;287.81; 56.06; 24.54; 40.30;
2018;16; 0.256;291.15; 60.83; 18.96; 39.90;
2018;17; 0.295;293.48; 63.29; 17.37; 40.33;
2018;18; 0.330;294.98; 63.70; 19.85; 41.78;
2018;19; 0.363;296.31; 63.58; 20.47; 42.03;
2018;20; 0.393;297.30; 63.01; 21.91; 42.46;
2018;21; 0.419;297.95; 64.24; 23.42; 43.83;
2018;22; 0.440;298.43; 65.65; 22.47; 44.06;
2018;23; 0.456;298.49; 67.99; 24.72; 46.35;
2018;24; 0.470;298.08; 71.83; 29.81; 50.82;
2018;25; 0.480;297.82; 75.41; 33.60; 54.51;
2018;26; 0.482;297.43; 75.64; 38.06; 56.85;
2018;27; 0.480;296.86; 74.43; 45.96; 60.20;
2018;28; 0.477;296.57; 74.87; 51.17; 63.02;
2018;29; 0.474;296.74; 76.97; 51.40; 64.18;
2018;30; 0.468;297.03; 78.05; 50.56; 64.31;
2018;31; 0.460;297.32; 77.39; 47.66; 62.53;
2018;32; 0.448;297.80; 76.28; 40.43; 58.36;
2018;33; 0.432;297.94; 73.11; 33.32; 53.22;
2018;34; 0.412;297.70; 69.08; 27.12; 48.10;
2018;35; 0.390;297.26; 66.67; 19.11; 42.89;
2018;36; 0.367;296.42; 65.72; 13.98; 39.85;
2018;37; 0.346;294.92; 67.48; 12.83; 40.16;
2018;38; 0.325;292.65; 67.66; 17.35; 42.51;
2018;39; 0.307;290.59; 68.99; 19.09; 44.04;
2018;40; 0.288;288.86; 71.35; 16.58; 43.97;
2018;41; 0.261;286.44; 69.80; 21.12; 45.46;
2018;42; 0.231;284.22; 66.44; 19.27; 42.85;
2018;43; 0.199;281.55; 60.90; 21.86; 41.38;
2018;44; 0.165;278.06; 53.49; 26.75; 40.12;
2018;45; 0.137;272.16; 47.64; 48.74; 48.19;
2018;46; 0.112;267.35; 41.77; 59.11; 50.44;
2018;47; 0.093;263.82; 37.81; 62.29; 50.04;
2018;48; 0.076;260.94; 31.91; 66.48; 49.19;
2018;49; 0.062;257.69; 24.87; 71.13; 48.01;
2018;50; 0.052;253.15; 20.31; 79.96; 50.14;
2018;51; 0.046;250.59; 20.37; 81.70; 51.04;
2018;52; 0.043;250.39; 21.01; 77.96; 49.48;
2019; 1; 0.044;251.28; 23.65; 71.97; 47.81;
2019; 2; 0.045;251.48; 26.59; 71.06; 48.82;
2019; 3; 0.050;251.69; 33.50; 70.59; 52.05;
2019; 4; 0.057;253.96; 41.61; 63.78; 52.70;
2019; 5; 0.067;258.20; 48.52; 52.86; 50.69;
2019; 6; 0.077;261.68; 51.96; 46.64; 49.30;
2019; 7; 0.093;266.01; 57.37; 36.79; 47.08;
2019; 8; 0.115;271.13; 64.96; 24.54; 44.75;
2019; 9; 0.134;274.92; 69.73; 17.90; 43.81;
2019;10; 0.150;277.98; 70.55; 15.34; 42.94;
2019;11; 0.165;281.06; 70.73; 11.46; 41.10;
2019;12; 0.181;283.77; 70.70; 10.38; 40.54;
2019;13; 0.191;285.63; 68.18; 11.44; 39.81;
2019;14; 0.206;287.51; 65.40; 10.90; 38.15;
2019;15; 0.228;289.38; 62.99; 12.83; 37.91;
2019;16; 0.250;290.65; 58.41; 22.18; 40.30;
2019;17; 0.277;291.59; 54.69; 33.07; 43.88;
2019;18; 0.309;292.62; 52.77; 41.72; 47.25;
2019;19; 0.342;293.57; 52.27; 46.99; 49.63;
2019;20; 0.378;294.40; 54.84; 50.31; 52.57;
2019;21; 0.412;295.46; 60.18; 47.62; 53.90;
2019;22; 0.438;295.95; 64.89; 46.17; 55.53;
2019;23; 0.461;296.39; 71.85; 44.36; 58.11;
2019;24; 0.481;296.94; 80.12; 40.58; 60.35;
2019;25; 0.489;296.92; 82.37; 42.60; 62.48;
2019;26; 0.487;296.68; 79.67; 45.86; 62.76;
2019;27; 0.484;296.90; 77.58; 45.43; 61.50;
2019;28; 0.478;297.02; 76.24; 46.26; 61.25;
2019;29; 0.470;296.94; 74.85; 49.22; 62.03;
2019;30; 0.459;297.05; 73.37; 50.46; 61.92;
2019;31; 0.447;297.63; 70.69; 44.61; 57.65;
2019;32; 0.433;298.12; 67.50; 37.20; 52.35;
2019;33; 0.414;298.25; 62.84; 30.05; 46.45;
2019;34; 0.393;298.24; 58.20; 21.10; 39.65;
2019;35; 0.368;297.66; 54.20; 14.52; 34.36;
2019;36; 0.341;296.69; 51.88; 10.99; 31.44;
2019;37; 0.315;295.21; 51.63;  9.70; 30.67;
2019;38; 0.291;293.21; 50.05; 10.86; 30.45;
2019;39; 0.268;291.46; 48.07;  8.28; 28.17;
2019;40; 0.243;289.75; 44.85;  5.70; 25.27;
2019;41; 0.216;287.81; 42.29;  5.89; 24.09;
2019;42; 0.188;285.85; 40.13;  3.72; 21.93;
2019;43; 0.159;283.88; 36.71;  2.75; 19.73;
2019;44; 0.138;281.42; 36.07;  1.50; 18.78;
2019;45; 0.125;279.48; 38.64;  2.31; 20.47;
2019;46; 0.112;276.61; 41.59;  7.61; 24.60;
2019;47; 0.104;273.96; 47.74; 11.92; 29.82;
2019;48; 0.099;272.58; 53.26; 14.39; 33.82;
2019;49; 0.093;271.33; 54.08; 15.88; 34.97;
2019;50; 0.088;269.86; 56.08; 16.91; 36.49;
2019;51; 0.083;268.31; 56.43; 16.60; 36.52;
2019;52; 0.080;267.75; 58.13; 15.49; 36.81;
2020; 1; 0.077;266.97; 59.36; 14.74; 37.05;
2020; 2; 0.076;265.88; 59.66; 16.47; 38.07;
2020; 3; 0.077;265.53; 61.51; 17.98; 39.74;
2020; 4; 0.079;265.47; 63.28; 20.71; 42.00;
2020; 5; 0.084;266.59; 64.90; 22.49; 43.69;
2020; 6; 0.092;268.65; 65.08; 21.91; 43.50;
2020; 7; 0.100;270.98; 63.70; 19.16; 41.43;
2020; 8; 0.112;274.25; 64.97; 13.47; 39.22;
2020; 9; 0.131;277.74; 69.05;  8.12; 38.58;
2020;10; 0.149;280.61; 70.86;  6.16; 38.51;
2020;11; 0.165;282.94; 71.05;  4.84; 37.94;
2020;12; 0.181;285.28; 70.99;  4.81; 37.90;
2020;13; 0.194;287.27; 69.41;  4.56; 36.99;
2020;14; 0.207;288.82; 65.55;  4.37; 34.96;
2020;15; 0.222;290.41; 59.48;  6.48; 32.98;
2020;16; 0.235;291.76; 50.17; 14.58; 32.38;
2020;17; 0.255;292.70; 43.15; 24.87; 34.01;
2020;18; 0.281;293.43; 38.25; 35.15; 36.70;
2020;19; 0.305;293.34; 32.19; 50.23; 41.21;
2020;20; 0.331;293.11; 28.15; 63.94; 46.04;
2020;21; 0.359;293.61; 28.09; 66.31; 47.20;
2020;22; 0.384;294.35; 30.25; 62.12; 46.18;
2020;23; 0.409;295.38; 36.14; 54.29; 45.21;
2020;24; 0.433;296.50; 47.28; 45.14; 46.21;
2020;25; 0.456;297.50; 60.44; 36.92; 48.68;
2020;26; 0.472;298.15; 69.87; 30.51; 50.19;
2020;27; 0.480;298.48; 75.55; 28.48; 52.02;
2020;28; 0.481;298.51; 78.13; 29.75; 53.94;
2020;29; 0.476;298.42; 78.54; 32.61; 55.57;
2020;30; 0.470;298.64; 79.25; 33.01; 56.13;
2020;31; 0.461;298.93; 78.27; 30.48; 54.38;
2020;32; 0.447;298.91; 75.51; 28.59; 52.05;
2020;33; 0.430;298.80; 71.88; 23.98; 47.93;
2020;34; 0.409;298.26; 67.80; 20.70; 44.25;
2020;35; 0.386;297.25; 64.30; 19.28; 41.79;
2020;36; 0.364;296.26; 64.07; 15.81; 39.94;
2020;37; 0.343;294.87; 65.59; 13.53; 39.56;
2020;38; 0.314;292.90; 61.96; 14.33; 38.15;
2020;39; 0.287;290.94; 58.48; 14.65; 36.57;
2020;40; 0.260;288.78; 54.99; 17.60; 36.30;
2020;41; 0.227;286.33; 48.85; 22.52; 35.68;
2020;42; 0.198;284.17; 45.60; 19.90; 32.75;
2020;43; 0.172;282.06; 44.82; 17.56; 31.19;
2020;44; 0.145;279.18; 41.16; 18.21; 29.69;
2020;45; 0.119;275.95; 36.43; 24.95; 30.69;
2020;46; 0.103;272.74; 36.65; 29.69; 33.17;
2020;47; 0.094;270.15; 40.71; 31.39; 36.05;
2020;48; 0.083;267.53; 40.19; 37.14; 38.65;
2020;49; 0.075;265.34; 39.20; 40.28; 39.72;
2020;50; 0.071;263.60; 41.49; 40.81; 41.15;
2020;51; 0.065;262.35; 40.88; 38.75; 39.82;
2020;52; 0.060;261.27; 40.22; 39.10; 39.66;
2021; 1; 0.059;260.65; 41.30; 38.02; 39.66;
2021; 2; 0.057;258.95; 41.39; 42.68; 42.04;
2021; 3; 0.057;256.53; 42.44; 52.02; 47.23;
2021; 4; 0.059;255.27; 44.53; 58.91; 51.72;
2021; 5; 0.059;255.97; 42.63; 61.49; 52.06;
2021; 6; 0.060;258.08; 39.62; 60.48; 50.05;
2021; 7; 0.067;261.45; 40.12; 54.46; 47.29;
2021; 8; 0.077;265.12; 42.13; 47.50; 44.82;
2021; 9; 0.093;268.79; 46.80; 41.06; 43.93;
2021;10; 0.109;271.99; 49.48; 38.07; 43.77;
2021;11; 0.128;274.80; 52.18; 35.77; 43.97;
2021;12; 0.151;278.02; 56.05; 33.53; 44.79;
2021;13; 0.171;281.15; 57.60; 31.79; 44.70;
2021;14; 0.189;283.91; 56.46; 30.66; 43.56;
2021;15; 0.212;286.36; 54.53; 33.15; 43.84;
2021;16; 0.236;288.32; 50.63; 39.92; 45.28;
2021;17; 0.263;289.95; 47.17; 47.12; 47.15;
2021;18; 0.293;291.38; 44.51; 53.46; 48.99;
2021;19; 0.323;292.47; 41.51; 57.95; 49.73;
2021;20; 0.351;293.22; 39.26; 62.11; 50.69;
2021;21; 0.378;293.77; 39.33; 64.41; 51.87;
2021;22; 0.403;294.26; 41.87; 62.65; 52.26;
2021;23; 0.426;294.84; 47.10; 59.15; 53.13;
2021;24; 0.446;295.36; 56.10; 55.99; 56.04;
2021;25; 0.468;296.19; 67.79; 50.08; 58.93;
2021;26; 0.480;296.99; 75.01; 42.58; 58.79;
2021;27; 0.485;297.56; 78.37; 38.32; 58.35;
2021;28; 0.486;297.78; 80.61; 37.90; 59.25;
2021;29; 0.482;297.71; 81.49; 40.70; 61.09;
2021;30; 0.477;297.73; 82.49; 43.04; 62.77;
2021;31; 0.469;297.96; 82.53; 41.08; 61.81;
2021;32; 0.452;297.23; 78.40; 46.68; 62.54;
2021;33; 0.434;296.38; 74.25; 50.32; 62.28;
2021;34; 0.421;296.16; 74.29; 44.55; 59.42;
2021;35; 0.400;295.04; 72.19; 44.85; 58.52;
2021;36; 0.375;293.44; 70.02; 47.61; 58.82;
2021;37; 0.352;291.78; 70.52; 48.29; 59.41;
2021;38; 0.328;290.10; 69.45; 47.69; 58.57;
2021;39; 0.304;288.41; 67.68; 46.80; 57.24;
2021;40; 0.280;286.53; 66.54; 45.68; 56.11;
2021;41; 0.255;284.90; 66.20; 38.74; 52.47;
2021;42; 0.228;283.34; 64.53; 28.12; 46.33;
2021;43; 0.202;282.03; 63.20; 18.17; 40.68;
2021;44; 0.174;280.14; 59.40; 11.19; 35.30;
2021;45; 0.149;277.39; 56.42; 15.92; 36.17;
2021;46; 0.131;274.96; 57.81; 17.24; 37.53;
2021;47; 0.118;272.77; 61.18; 18.23; 39.70;
2021;48; 0.102;269.47; 57.99; 28.50; 43.23;
2021;49; 0.090;266.51; 52.62; 35.68; 44.14;
2021;50; 0.083;264.01; 53.28; 39.51; 46.40;
2021;51; 0.078;262.82; 53.51; 37.32; 45.42;
2021;52; 0.075;262.62; 54.22; 34.58; 44.40;
2022; 1; 0.074;263.07; 57.66; 29.66; 43.66;
2022; 2; 0.075;262.98; 59.62; 28.16; 43.89;
2022; 3; 0.076;262.67; 61.46; 29.51; 45.49;
2022; 4; 0.079;262.75; 64.97; 31.42; 48.19;
2022; 5; 0.087;264.61; 67.91; 29.99; 48.95;
2022; 6; 0.098;267.90; 70.39; 24.67; 47.53;
2022; 7; 0.112;271.23; 72.60; 18.15; 45.37;
2022; 8; 0.128;274.10; 74.66; 13.94; 44.30;
2022; 9; 0.146;276.88; 77.36; 11.08; 44.22;
2022;10; 0.157;278.54; 75.15; 13.90; 44.52;
2022;11; 0.166;280.11; 71.32; 15.73; 43.53;
2022;12; 0.180;283.11; 70.09; 13.40; 41.74;
2022;13; 0.190;285.46; 67.27; 12.46; 39.87;
2022;14; 0.201;287.17; 62.58; 13.03; 37.81;
2022;15; 0.218;288.81; 57.64; 16.92; 37.28;
2022;16; 0.242;290.67; 53.72; 22.63; 38.18;
2022;17; 0.271;292.33; 51.35; 27.81; 39.58;
2022;18; 0.303;293.95; 49.70; 30.24; 39.97;
2022;19; 0.334;295.52; 47.81; 28.87; 38.34;
2022;20; 0.363;296.66; 46.17; 28.85; 37.51;
2022;21; 0.390;297.75; 46.24; 25.71; 35.98;
2022;22; 0.410;298.47; 45.96; 22.47; 34.22;
2022;23; 0.426;298.80; 47.24; 22.27; 34.75;
2022;24; 0.443;299.23; 53.71; 19.22; 36.46;
2022;25; 0.456;299.31; 59.52; 18.83; 39.17;
2022;26; 0.463;299.07; 64.03; 21.04; 42.53;
2022;27; 0.469;298.59; 68.53; 27.57; 48.05;
2022;28; 0.473;297.93; 73.51; 36.46; 54.99;
2022;29; 0.475;297.44; 77.78; 43.75; 60.77;
2022;30; 0.462;296.87; 75.25; 52.18; 63.71;
2022;31; 0.450;296.45; 72.65; 57.11; 64.88;
2022;32; 0.433;295.85; 67.95; 61.43; 64.69;
2022;33; 0.416;295.23; 63.99; 62.98; 63.49;
2022;34; 0.398;294.79; 61.09; 60.25; 60.67;
2022;35; 0.371;293.67; 56.10; 60.78; 58.44;
2022;36; 0.339;291.95; 50.77; 64.49; 57.63;
2022;37; 0.300;289.92; 43.88; 69.26; 56.57;
2022;38; 0.276;288.47; 42.46; 67.08; 54.77;
2022;39; 0.264;287.46; 45.67; 58.73; 52.20;
2022;40; 0.252;286.29; 50.22; 48.25; 49.23;
2022;41; 0.233;284.66; 52.41; 41.33; 46.87;
2022;42; 0.207;282.78; 51.63; 33.39; 42.51;
2022;43; 0.177;280.91; 47.66; 27.33; 37.50;
2022;44; 0.146;278.79; 41.45; 21.45; 31.45;
2022;45; 0.120;276.01; 36.30; 24.60; 30.45;
2022;46; 0.101;272.79; 34.38; 29.25; 31.82;
2022;47; 0.085;268.61; 32.17; 38.98; 35.56;
2022;48; 0.074;265.65; 31.86; 45.73; 38.77;
2022;49; 0.067;263.64; 31.29; 47.39; 39.32;
2022;50; 0.065;262.02; 35.10; 47.02; 41.06;
2022;51; 0.064;261.37; 39.71; 42.72; 41.21;
2022;52; 0.063;261.79; 43.62; 37.80; 40.71;
2023; 1; 0.064;262.36; 47.16; 32.74; 39.95;
2023; 2; 0.064;261.37; 49.04; 34.83; 41.93;
2023; 3; 0.066;260.26; 51.90; 39.11; 45.51;
2023; 4; 0.071;260.84; 57.20; 39.00; 48.10;
2023; 5; 0.080;263.13; 62.19; 35.75; 48.97;
2023; 6; 0.093;266.50; 66.38; 29.96; 48.17;
2023; 7; 0.108;269.87; 69.83; 23.34; 46.58;
2023; 8; 0.123;272.48; 71.31; 20.08; 45.69;
2023; 9; 0.137;274.38; 72.16; 20.50; 46.33;
2023;10; 0.150;276.32; 71.15; 22.10; 46.62;
2023;11; 0.162;278.42; 69.65; 22.04; 45.85;
2023;12; 0.174;280.20; 67.48; 24.96; 46.22;
2023;13; 0.182;281.68; 63.39; 29.40; 46.39;
2023;14; 0.195;283.26; 59.67; 34.14; 46.90;
2023;15; 0.218;285.03; 57.92; 42.15; 50.03;
2023;16; 0.245;287.11; 55.91; 49.07; 52.49;
2023;17; 0.278;289.40; 55.44; 51.98; 53.71;
2023;18; 0.310;291.69; 53.87; 51.12; 52.49;
2023;19; 0.342;293.91; 52.18; 44.41; 48.29;
2023;20; 0.371;295.55; 50.77; 39.40; 45.09;
2023;21; 0.395;296.73; 49.68; 35.46; 42.57;
2023;22; 0.414;297.41; 49.07; 32.44; 40.76;
2023;23; 0.431;297.85; 50.93; 30.88; 40.91;
2023;24; 0.447;298.03; 56.32; 30.50; 43.41;
2023;25; 0.461;297.97; 63.02; 32.10; 47.56;
2023;26; 0.468;297.78; 67.08; 34.33; 50.71;
2023;27; 0.474;297.55; 71.52; 38.43; 54.98;
2023;28; 0.479;297.17; 76.47; 44.53; 60.50;
2023;29; 0.479;297.03; 79.82; 48.18; 64.00;
2023;30; 0.477;297.04; 82.22; 50.39; 66.31;
2023;31; 0.470;297.18; 82.74; 49.30; 66.02;
2023;32; 0.459;297.48; 81.75; 43.92; 62.83;
2023;33; 0.443;297.77; 79.30; 35.17; 57.23;
2023;34; 0.424;297.59; 75.66; 28.27; 51.97;
2023;35; 0.403;296.93; 73.18; 22.86; 48.02;
2023;36; 0.380;296.07; 72.09; 17.88; 44.99;
2023;37; 0.357;294.96; 72.34; 12.40; 42.37;
2023;38; 0.334;293.40; 71.67;  8.36; 40.01;
2023;39; 0.309;291.53; 69.93;  7.08; 38.50;
2023;40; 0.280;289.35; 66.44; 10.48; 38.46;
2023;41; 0.251;287.08; 62.92; 14.01; 38.46;
2023;42; 0.221;285.13; 60.03; 10.55; 35.29;
2023;43; 0.190;283.01; 55.90; 10.00; 32.95;
2023;44; 0.165;280.67; 53.36;  7.20; 30.28;
2023;45; 0.145;278.06; 53.34; 11.33; 32.34;
2023;46; 0.125;273.21; 52.33; 26.46; 39.39;
2023;47; 0.108;268.82; 51.75; 37.55; 44.64;
2023;48; 0.095;265.57; 50.52; 45.77; 48.12;
2023;49; 0.084;262.92; 46.47; 50.11; 48.28;
2023;50;-1.000; -1.00; -1.00; -1.00; -1.00;
2023;51;-1.000; -1.00; -1.00; -1.00; -1.00;
2023;52;-1.000; -1.00; -1.00; -1.00; -1.00;
